-- MySQL dump 10.13  Distrib 8.0.33, for macos13 (arm64)
--
-- Host: 127.0.0.1    Database: archielite_echo
-- ------------------------------------------------------
-- Server version	8.0.33

/*!40101 SET @OLD_CHARACTER_SET_CLIENT=@@CHARACTER_SET_CLIENT */;
/*!40101 SET @OLD_CHARACTER_SET_RESULTS=@@CHARACTER_SET_RESULTS */;
/*!40101 SET @OLD_COLLATION_CONNECTION=@@COLLATION_CONNECTION */;
/*!50503 SET NAMES utf8mb4 */;
/*!40103 SET @OLD_TIME_ZONE=@@TIME_ZONE */;
/*!40103 SET TIME_ZONE='+00:00' */;
/*!40014 SET @OLD_UNIQUE_CHECKS=@@UNIQUE_CHECKS, UNIQUE_CHECKS=0 */;
/*!40014 SET @OLD_FOREIGN_KEY_CHECKS=@@FOREIGN_KEY_CHECKS, FOREIGN_KEY_CHECKS=0 */;
/*!40101 SET @OLD_SQL_MODE=@@SQL_MODE, SQL_MODE='NO_AUTO_VALUE_ON_ZERO' */;
/*!40111 SET @OLD_SQL_NOTES=@@SQL_NOTES, SQL_NOTES=0 */;

--
-- Table structure for table `activations`
--

DROP TABLE IF EXISTS `activations`;
/*!40101 SET @saved_cs_client     = @@character_set_client */;
/*!50503 SET character_set_client = utf8mb4 */;
CREATE TABLE `activations` (
  `id` bigint unsigned NOT NULL AUTO_INCREMENT,
  `user_id` bigint unsigned NOT NULL,
  `code` varchar(120) COLLATE utf8mb4_unicode_ci NOT NULL,
  `completed` tinyint(1) NOT NULL DEFAULT '0',
  `completed_at` timestamp NULL DEFAULT NULL,
  `created_at` timestamp NULL DEFAULT NULL,
  `updated_at` timestamp NULL DEFAULT NULL,
  PRIMARY KEY (`id`),
  KEY `activations_user_id_index` (`user_id`)
) ENGINE=InnoDB AUTO_INCREMENT=2 DEFAULT CHARSET=utf8mb4 COLLATE=utf8mb4_unicode_ci;
/*!40101 SET character_set_client = @saved_cs_client */;

--
-- Dumping data for table `activations`
--

LOCK TABLES `activations` WRITE;
/*!40000 ALTER TABLE `activations` DISABLE KEYS */;
INSERT INTO `activations` VALUES (1,1,'4MNx7HfVJRFf00VEMum7suCS3jQRPYdB',1,'2025-12-24 07:28:54','2025-12-24 07:28:54','2025-12-24 07:28:54');
/*!40000 ALTER TABLE `activations` ENABLE KEYS */;
UNLOCK TABLES;

--
-- Table structure for table `admin_notifications`
--

DROP TABLE IF EXISTS `admin_notifications`;
/*!40101 SET @saved_cs_client     = @@character_set_client */;
/*!50503 SET character_set_client = utf8mb4 */;
CREATE TABLE `admin_notifications` (
  `id` bigint unsigned NOT NULL AUTO_INCREMENT,
  `title` varchar(191) COLLATE utf8mb4_unicode_ci NOT NULL,
  `action_label` varchar(191) COLLATE utf8mb4_unicode_ci DEFAULT NULL,
  `action_url` varchar(191) COLLATE utf8mb4_unicode_ci DEFAULT NULL,
  `description` varchar(400) COLLATE utf8mb4_unicode_ci DEFAULT NULL,
  `read_at` timestamp NULL DEFAULT NULL,
  `created_at` timestamp NULL DEFAULT NULL,
  `updated_at` timestamp NULL DEFAULT NULL,
  `permission` varchar(191) COLLATE utf8mb4_unicode_ci DEFAULT NULL,
  PRIMARY KEY (`id`)
) ENGINE=InnoDB DEFAULT CHARSET=utf8mb4 COLLATE=utf8mb4_unicode_ci;
/*!40101 SET character_set_client = @saved_cs_client */;

--
-- Dumping data for table `admin_notifications`
--

LOCK TABLES `admin_notifications` WRITE;
/*!40000 ALTER TABLE `admin_notifications` DISABLE KEYS */;
/*!40000 ALTER TABLE `admin_notifications` ENABLE KEYS */;
UNLOCK TABLES;

--
-- Table structure for table `ads`
--

DROP TABLE IF EXISTS `ads`;
/*!40101 SET @saved_cs_client     = @@character_set_client */;
/*!50503 SET character_set_client = utf8mb4 */;
CREATE TABLE `ads` (
  `id` bigint unsigned NOT NULL AUTO_INCREMENT,
  `name` varchar(191) COLLATE utf8mb4_unicode_ci NOT NULL,
  `expired_at` datetime DEFAULT NULL,
  `location` varchar(120) COLLATE utf8mb4_unicode_ci DEFAULT NULL,
  `key` varchar(120) COLLATE utf8mb4_unicode_ci NOT NULL,
  `image` varchar(191) COLLATE utf8mb4_unicode_ci DEFAULT NULL,
  `url` varchar(191) COLLATE utf8mb4_unicode_ci DEFAULT NULL,
  `clicked` bigint NOT NULL DEFAULT '0',
  `order` int DEFAULT '0',
  `status` varchar(60) COLLATE utf8mb4_unicode_ci NOT NULL DEFAULT 'published',
  `created_at` timestamp NULL DEFAULT NULL,
  `updated_at` timestamp NULL DEFAULT NULL,
  `open_in_new_tab` tinyint(1) NOT NULL DEFAULT '1',
  `tablet_image` varchar(191) COLLATE utf8mb4_unicode_ci DEFAULT NULL,
  `mobile_image` varchar(191) COLLATE utf8mb4_unicode_ci DEFAULT NULL,
  `ads_type` varchar(191) COLLATE utf8mb4_unicode_ci DEFAULT NULL,
  `google_adsense_slot_id` varchar(191) COLLATE utf8mb4_unicode_ci DEFAULT NULL,
  PRIMARY KEY (`id`),
  UNIQUE KEY `ads_key_unique` (`key`)
) ENGINE=InnoDB DEFAULT CHARSET=utf8mb4 COLLATE=utf8mb4_unicode_ci;
/*!40101 SET character_set_client = @saved_cs_client */;

--
-- Dumping data for table `ads`
--

LOCK TABLES `ads` WRITE;
/*!40000 ALTER TABLE `ads` DISABLE KEYS */;
/*!40000 ALTER TABLE `ads` ENABLE KEYS */;
UNLOCK TABLES;

--
-- Table structure for table `ads_translations`
--

DROP TABLE IF EXISTS `ads_translations`;
/*!40101 SET @saved_cs_client     = @@character_set_client */;
/*!50503 SET character_set_client = utf8mb4 */;
CREATE TABLE `ads_translations` (
  `lang_code` varchar(191) COLLATE utf8mb4_unicode_ci NOT NULL,
  `ads_id` bigint unsigned NOT NULL,
  `name` varchar(191) COLLATE utf8mb4_unicode_ci DEFAULT NULL,
  `image` varchar(191) COLLATE utf8mb4_unicode_ci DEFAULT NULL,
  `url` varchar(191) COLLATE utf8mb4_unicode_ci DEFAULT NULL,
  `tablet_image` varchar(191) COLLATE utf8mb4_unicode_ci DEFAULT NULL,
  `mobile_image` varchar(191) COLLATE utf8mb4_unicode_ci DEFAULT NULL,
  PRIMARY KEY (`lang_code`,`ads_id`)
) ENGINE=InnoDB DEFAULT CHARSET=utf8mb4 COLLATE=utf8mb4_unicode_ci;
/*!40101 SET character_set_client = @saved_cs_client */;

--
-- Dumping data for table `ads_translations`
--

LOCK TABLES `ads_translations` WRITE;
/*!40000 ALTER TABLE `ads_translations` DISABLE KEYS */;
/*!40000 ALTER TABLE `ads_translations` ENABLE KEYS */;
UNLOCK TABLES;

--
-- Table structure for table `announcements`
--

DROP TABLE IF EXISTS `announcements`;
/*!40101 SET @saved_cs_client     = @@character_set_client */;
/*!50503 SET character_set_client = utf8mb4 */;
CREATE TABLE `announcements` (
  `id` bigint unsigned NOT NULL AUTO_INCREMENT,
  `name` varchar(191) COLLATE utf8mb4_unicode_ci NOT NULL,
  `content` text COLLATE utf8mb4_unicode_ci NOT NULL,
  `has_action` tinyint(1) NOT NULL DEFAULT '0',
  `action_label` varchar(60) COLLATE utf8mb4_unicode_ci DEFAULT NULL,
  `action_url` varchar(400) COLLATE utf8mb4_unicode_ci DEFAULT NULL,
  `action_open_new_tab` tinyint(1) NOT NULL DEFAULT '0',
  `dismissible` tinyint(1) NOT NULL DEFAULT '0',
  `start_date` datetime DEFAULT NULL,
  `end_date` datetime DEFAULT NULL,
  `is_active` tinyint(1) NOT NULL DEFAULT '1',
  `created_at` timestamp NULL DEFAULT NULL,
  `updated_at` timestamp NULL DEFAULT NULL,
  PRIMARY KEY (`id`)
) ENGINE=InnoDB AUTO_INCREMENT=4 DEFAULT CHARSET=utf8mb4 COLLATE=utf8mb4_unicode_ci;
/*!40101 SET character_set_client = @saved_cs_client */;

--
-- Dumping data for table `announcements`
--

LOCK TABLES `announcements` WRITE;
/*!40000 ALTER TABLE `announcements` DISABLE KEYS */;
INSERT INTO `announcements` VALUES (1,'Announcement 1','Cyber Monday: Save big on the Creative Cloud All Apps plan for individuals through 2 Dec',0,NULL,NULL,0,1,'2025-12-24 14:29:06',NULL,1,'2025-12-24 07:29:06','2025-12-24 07:29:06'),(2,'Announcement 2','Students and teachers save a massive 71% on Creative Cloud All Apps',0,NULL,NULL,0,1,'2025-12-24 14:29:06',NULL,1,'2025-12-24 07:29:06','2025-12-24 07:29:06'),(3,'Announcement 3','Black Friday and Cyber Monday 2023 Deals for Motion Designers, grab it now!',0,NULL,NULL,0,1,'2025-12-24 14:29:06',NULL,1,'2025-12-24 07:29:06','2025-12-24 07:29:06');
/*!40000 ALTER TABLE `announcements` ENABLE KEYS */;
UNLOCK TABLES;

--
-- Table structure for table `announcements_translations`
--

DROP TABLE IF EXISTS `announcements_translations`;
/*!40101 SET @saved_cs_client     = @@character_set_client */;
/*!50503 SET character_set_client = utf8mb4 */;
CREATE TABLE `announcements_translations` (
  `lang_code` varchar(191) COLLATE utf8mb4_unicode_ci NOT NULL,
  `announcements_id` bigint unsigned NOT NULL,
  `content` text COLLATE utf8mb4_unicode_ci,
  `action_label` varchar(60) COLLATE utf8mb4_unicode_ci DEFAULT NULL,
  PRIMARY KEY (`lang_code`,`announcements_id`)
) ENGINE=InnoDB DEFAULT CHARSET=utf8mb4 COLLATE=utf8mb4_unicode_ci;
/*!40101 SET character_set_client = @saved_cs_client */;

--
-- Dumping data for table `announcements_translations`
--

LOCK TABLES `announcements_translations` WRITE;
/*!40000 ALTER TABLE `announcements_translations` DISABLE KEYS */;
/*!40000 ALTER TABLE `announcements_translations` ENABLE KEYS */;
UNLOCK TABLES;

--
-- Table structure for table `audit_histories`
--

DROP TABLE IF EXISTS `audit_histories`;
/*!40101 SET @saved_cs_client     = @@character_set_client */;
/*!50503 SET character_set_client = utf8mb4 */;
CREATE TABLE `audit_histories` (
  `id` bigint unsigned NOT NULL AUTO_INCREMENT,
  `user_id` bigint unsigned NOT NULL,
  `user_type` varchar(191) COLLATE utf8mb4_unicode_ci DEFAULT 'Botble\\ACL\\Models\\User',
  `module` varchar(60) COLLATE utf8mb4_unicode_ci NOT NULL,
  `request` longtext COLLATE utf8mb4_unicode_ci,
  `action` varchar(120) COLLATE utf8mb4_unicode_ci NOT NULL,
  `user_agent` text COLLATE utf8mb4_unicode_ci,
  `ip_address` varchar(45) COLLATE utf8mb4_unicode_ci DEFAULT NULL,
  `actor_id` bigint unsigned NOT NULL,
  `actor_type` varchar(191) COLLATE utf8mb4_unicode_ci DEFAULT 'Botble\\ACL\\Models\\User',
  `reference_id` bigint unsigned NOT NULL,
  `reference_name` varchar(191) COLLATE utf8mb4_unicode_ci NOT NULL,
  `type` varchar(20) COLLATE utf8mb4_unicode_ci NOT NULL,
  `created_at` timestamp NULL DEFAULT NULL,
  `updated_at` timestamp NULL DEFAULT NULL,
  PRIMARY KEY (`id`),
  KEY `audit_histories_user_id_index` (`user_id`),
  KEY `audit_histories_module_index` (`module`)
) ENGINE=InnoDB DEFAULT CHARSET=utf8mb4 COLLATE=utf8mb4_unicode_ci;
/*!40101 SET character_set_client = @saved_cs_client */;

--
-- Dumping data for table `audit_histories`
--

LOCK TABLES `audit_histories` WRITE;
/*!40000 ALTER TABLE `audit_histories` DISABLE KEYS */;
/*!40000 ALTER TABLE `audit_histories` ENABLE KEYS */;
UNLOCK TABLES;

--
-- Table structure for table `cache`
--

DROP TABLE IF EXISTS `cache`;
/*!40101 SET @saved_cs_client     = @@character_set_client */;
/*!50503 SET character_set_client = utf8mb4 */;
CREATE TABLE `cache` (
  `key` varchar(191) COLLATE utf8mb4_unicode_ci NOT NULL,
  `value` mediumtext COLLATE utf8mb4_unicode_ci NOT NULL,
  `expiration` int NOT NULL,
  PRIMARY KEY (`key`)
) ENGINE=InnoDB DEFAULT CHARSET=utf8mb4 COLLATE=utf8mb4_unicode_ci;
/*!40101 SET character_set_client = @saved_cs_client */;

--
-- Dumping data for table `cache`
--

LOCK TABLES `cache` WRITE;
/*!40000 ALTER TABLE `cache` DISABLE KEYS */;
/*!40000 ALTER TABLE `cache` ENABLE KEYS */;
UNLOCK TABLES;

--
-- Table structure for table `cache_locks`
--

DROP TABLE IF EXISTS `cache_locks`;
/*!40101 SET @saved_cs_client     = @@character_set_client */;
/*!50503 SET character_set_client = utf8mb4 */;
CREATE TABLE `cache_locks` (
  `key` varchar(191) COLLATE utf8mb4_unicode_ci NOT NULL,
  `owner` varchar(191) COLLATE utf8mb4_unicode_ci NOT NULL,
  `expiration` int NOT NULL,
  PRIMARY KEY (`key`)
) ENGINE=InnoDB DEFAULT CHARSET=utf8mb4 COLLATE=utf8mb4_unicode_ci;
/*!40101 SET character_set_client = @saved_cs_client */;

--
-- Dumping data for table `cache_locks`
--

LOCK TABLES `cache_locks` WRITE;
/*!40000 ALTER TABLE `cache_locks` DISABLE KEYS */;
/*!40000 ALTER TABLE `cache_locks` ENABLE KEYS */;
UNLOCK TABLES;

--
-- Table structure for table `categories`
--

DROP TABLE IF EXISTS `categories`;
/*!40101 SET @saved_cs_client     = @@character_set_client */;
/*!50503 SET character_set_client = utf8mb4 */;
CREATE TABLE `categories` (
  `id` bigint unsigned NOT NULL AUTO_INCREMENT,
  `name` varchar(120) COLLATE utf8mb4_unicode_ci NOT NULL,
  `parent_id` bigint unsigned NOT NULL DEFAULT '0',
  `description` varchar(400) COLLATE utf8mb4_unicode_ci DEFAULT NULL,
  `status` varchar(60) COLLATE utf8mb4_unicode_ci NOT NULL DEFAULT 'published',
  `author_id` bigint unsigned DEFAULT NULL,
  `author_type` varchar(191) COLLATE utf8mb4_unicode_ci NOT NULL DEFAULT 'Botble\\ACL\\Models\\User',
  `icon` varchar(60) COLLATE utf8mb4_unicode_ci DEFAULT NULL,
  `order` int unsigned NOT NULL DEFAULT '0',
  `is_featured` tinyint NOT NULL DEFAULT '0',
  `is_default` tinyint unsigned NOT NULL DEFAULT '0',
  `created_at` timestamp NULL DEFAULT NULL,
  `updated_at` timestamp NULL DEFAULT NULL,
  PRIMARY KEY (`id`),
  KEY `categories_parent_id_index` (`parent_id`),
  KEY `categories_status_index` (`status`),
  KEY `categories_created_at_index` (`created_at`)
) ENGINE=InnoDB AUTO_INCREMENT=11 DEFAULT CHARSET=utf8mb4 COLLATE=utf8mb4_unicode_ci;
/*!40101 SET character_set_client = @saved_cs_client */;

--
-- Dumping data for table `categories`
--

LOCK TABLES `categories` WRITE;
/*!40000 ALTER TABLE `categories` DISABLE KEYS */;
INSERT INTO `categories` VALUES (1,'Neural Networks',0,'Explore our collection of articles and insights in this category.','published',1,'Botble\\ACL\\Models\\User',NULL,0,0,0,'2025-12-24 07:29:01','2025-12-24 07:29:01'),(2,'Natural Language Processing',0,'Explore our collection of articles and insights in this category.','published',1,'Botble\\ACL\\Models\\User',NULL,0,1,0,'2025-12-24 07:29:01','2025-12-24 07:29:01'),(3,'Machine Learning',0,'Explore our collection of articles and insights in this category.','published',1,'Botble\\ACL\\Models\\User',NULL,0,1,0,'2025-12-24 07:29:01','2025-12-24 07:29:01'),(4,'Deep Learning',0,'Explore our collection of articles and insights in this category.','published',1,'Botble\\ACL\\Models\\User',NULL,0,1,0,'2025-12-24 07:29:01','2025-12-24 07:29:01'),(5,'Reinforcement Learning',0,'Explore our collection of articles and insights in this category.','published',1,'Botble\\ACL\\Models\\User',NULL,0,1,0,'2025-12-24 07:29:01','2025-12-24 07:29:01'),(6,'Computer Vision',0,'Explore our collection of articles and insights in this category.','published',1,'Botble\\ACL\\Models\\User',NULL,0,1,0,'2025-12-24 07:29:01','2025-12-24 07:29:01'),(7,'Ethics in AI',0,'Explore our collection of articles and insights in this category.','published',1,'Botble\\ACL\\Models\\User',NULL,0,1,0,'2025-12-24 07:29:01','2025-12-24 07:29:01'),(8,'Robotics',0,'Explore our collection of articles and insights in this category.','published',1,'Botble\\ACL\\Models\\User',NULL,0,1,0,'2025-12-24 07:29:01','2025-12-24 07:29:01'),(9,'AI in Healthcare',0,'Explore our collection of articles and insights in this category.','published',1,'Botble\\ACL\\Models\\User',NULL,0,1,0,'2025-12-24 07:29:01','2025-12-24 07:29:01'),(10,'AI in Finance',0,'Explore our collection of articles and insights in this category.','published',1,'Botble\\ACL\\Models\\User',NULL,0,1,0,'2025-12-24 07:29:01','2025-12-24 07:29:01');
/*!40000 ALTER TABLE `categories` ENABLE KEYS */;
UNLOCK TABLES;

--
-- Table structure for table `categories_translations`
--

DROP TABLE IF EXISTS `categories_translations`;
/*!40101 SET @saved_cs_client     = @@character_set_client */;
/*!50503 SET character_set_client = utf8mb4 */;
CREATE TABLE `categories_translations` (
  `lang_code` varchar(20) COLLATE utf8mb4_unicode_ci NOT NULL,
  `categories_id` bigint unsigned NOT NULL,
  `name` varchar(191) COLLATE utf8mb4_unicode_ci DEFAULT NULL,
  `description` varchar(400) COLLATE utf8mb4_unicode_ci DEFAULT NULL,
  PRIMARY KEY (`lang_code`,`categories_id`),
  KEY `idx_categories_trans_categories_id` (`categories_id`),
  KEY `idx_categories_trans_category_lang` (`categories_id`,`lang_code`)
) ENGINE=InnoDB DEFAULT CHARSET=utf8mb4 COLLATE=utf8mb4_unicode_ci;
/*!40101 SET character_set_client = @saved_cs_client */;

--
-- Dumping data for table `categories_translations`
--

LOCK TABLES `categories_translations` WRITE;
/*!40000 ALTER TABLE `categories_translations` DISABLE KEYS */;
/*!40000 ALTER TABLE `categories_translations` ENABLE KEYS */;
UNLOCK TABLES;

--
-- Table structure for table `contact_custom_field_options`
--

DROP TABLE IF EXISTS `contact_custom_field_options`;
/*!40101 SET @saved_cs_client     = @@character_set_client */;
/*!50503 SET character_set_client = utf8mb4 */;
CREATE TABLE `contact_custom_field_options` (
  `id` bigint unsigned NOT NULL AUTO_INCREMENT,
  `custom_field_id` bigint unsigned NOT NULL,
  `label` varchar(191) COLLATE utf8mb4_unicode_ci DEFAULT NULL,
  `value` varchar(191) COLLATE utf8mb4_unicode_ci NOT NULL,
  `order` int NOT NULL DEFAULT '999',
  `created_at` timestamp NULL DEFAULT NULL,
  `updated_at` timestamp NULL DEFAULT NULL,
  PRIMARY KEY (`id`)
) ENGINE=InnoDB DEFAULT CHARSET=utf8mb4 COLLATE=utf8mb4_unicode_ci;
/*!40101 SET character_set_client = @saved_cs_client */;

--
-- Dumping data for table `contact_custom_field_options`
--

LOCK TABLES `contact_custom_field_options` WRITE;
/*!40000 ALTER TABLE `contact_custom_field_options` DISABLE KEYS */;
/*!40000 ALTER TABLE `contact_custom_field_options` ENABLE KEYS */;
UNLOCK TABLES;

--
-- Table structure for table `contact_custom_field_options_translations`
--

DROP TABLE IF EXISTS `contact_custom_field_options_translations`;
/*!40101 SET @saved_cs_client     = @@character_set_client */;
/*!50503 SET character_set_client = utf8mb4 */;
CREATE TABLE `contact_custom_field_options_translations` (
  `contact_custom_field_options_id` bigint unsigned NOT NULL,
  `lang_code` varchar(191) COLLATE utf8mb4_unicode_ci NOT NULL,
  `label` varchar(191) COLLATE utf8mb4_unicode_ci DEFAULT NULL,
  `value` varchar(191) COLLATE utf8mb4_unicode_ci DEFAULT NULL,
  PRIMARY KEY (`lang_code`,`contact_custom_field_options_id`),
  KEY `idx_contact_cfo_trans_cfo_id` (`contact_custom_field_options_id`),
  KEY `idx_contact_cfo_trans_cfo_lang` (`contact_custom_field_options_id`,`lang_code`)
) ENGINE=InnoDB DEFAULT CHARSET=utf8mb4 COLLATE=utf8mb4_unicode_ci;
/*!40101 SET character_set_client = @saved_cs_client */;

--
-- Dumping data for table `contact_custom_field_options_translations`
--

LOCK TABLES `contact_custom_field_options_translations` WRITE;
/*!40000 ALTER TABLE `contact_custom_field_options_translations` DISABLE KEYS */;
/*!40000 ALTER TABLE `contact_custom_field_options_translations` ENABLE KEYS */;
UNLOCK TABLES;

--
-- Table structure for table `contact_custom_fields`
--

DROP TABLE IF EXISTS `contact_custom_fields`;
/*!40101 SET @saved_cs_client     = @@character_set_client */;
/*!50503 SET character_set_client = utf8mb4 */;
CREATE TABLE `contact_custom_fields` (
  `id` bigint unsigned NOT NULL AUTO_INCREMENT,
  `type` varchar(191) COLLATE utf8mb4_unicode_ci NOT NULL,
  `required` tinyint(1) NOT NULL DEFAULT '0',
  `name` varchar(191) COLLATE utf8mb4_unicode_ci NOT NULL,
  `placeholder` varchar(191) COLLATE utf8mb4_unicode_ci DEFAULT NULL,
  `order` int NOT NULL DEFAULT '999',
  `status` varchar(191) COLLATE utf8mb4_unicode_ci NOT NULL DEFAULT 'published',
  `created_at` timestamp NULL DEFAULT NULL,
  `updated_at` timestamp NULL DEFAULT NULL,
  PRIMARY KEY (`id`)
) ENGINE=InnoDB DEFAULT CHARSET=utf8mb4 COLLATE=utf8mb4_unicode_ci;
/*!40101 SET character_set_client = @saved_cs_client */;

--
-- Dumping data for table `contact_custom_fields`
--

LOCK TABLES `contact_custom_fields` WRITE;
/*!40000 ALTER TABLE `contact_custom_fields` DISABLE KEYS */;
/*!40000 ALTER TABLE `contact_custom_fields` ENABLE KEYS */;
UNLOCK TABLES;

--
-- Table structure for table `contact_custom_fields_translations`
--

DROP TABLE IF EXISTS `contact_custom_fields_translations`;
/*!40101 SET @saved_cs_client     = @@character_set_client */;
/*!50503 SET character_set_client = utf8mb4 */;
CREATE TABLE `contact_custom_fields_translations` (
  `contact_custom_fields_id` bigint unsigned NOT NULL,
  `lang_code` varchar(191) COLLATE utf8mb4_unicode_ci NOT NULL,
  `name` varchar(191) COLLATE utf8mb4_unicode_ci DEFAULT NULL,
  `placeholder` varchar(191) COLLATE utf8mb4_unicode_ci DEFAULT NULL,
  PRIMARY KEY (`lang_code`,`contact_custom_fields_id`),
  KEY `idx_contact_cf_trans_cf_id` (`contact_custom_fields_id`),
  KEY `idx_contact_cf_trans_cf_lang` (`contact_custom_fields_id`,`lang_code`)
) ENGINE=InnoDB DEFAULT CHARSET=utf8mb4 COLLATE=utf8mb4_unicode_ci;
/*!40101 SET character_set_client = @saved_cs_client */;

--
-- Dumping data for table `contact_custom_fields_translations`
--

LOCK TABLES `contact_custom_fields_translations` WRITE;
/*!40000 ALTER TABLE `contact_custom_fields_translations` DISABLE KEYS */;
/*!40000 ALTER TABLE `contact_custom_fields_translations` ENABLE KEYS */;
UNLOCK TABLES;

--
-- Table structure for table `contact_replies`
--

DROP TABLE IF EXISTS `contact_replies`;
/*!40101 SET @saved_cs_client     = @@character_set_client */;
/*!50503 SET character_set_client = utf8mb4 */;
CREATE TABLE `contact_replies` (
  `id` bigint unsigned NOT NULL AUTO_INCREMENT,
  `message` longtext COLLATE utf8mb4_unicode_ci NOT NULL,
  `contact_id` bigint unsigned NOT NULL,
  `created_at` timestamp NULL DEFAULT NULL,
  `updated_at` timestamp NULL DEFAULT NULL,
  PRIMARY KEY (`id`)
) ENGINE=InnoDB DEFAULT CHARSET=utf8mb4 COLLATE=utf8mb4_unicode_ci;
/*!40101 SET character_set_client = @saved_cs_client */;

--
-- Dumping data for table `contact_replies`
--

LOCK TABLES `contact_replies` WRITE;
/*!40000 ALTER TABLE `contact_replies` DISABLE KEYS */;
/*!40000 ALTER TABLE `contact_replies` ENABLE KEYS */;
UNLOCK TABLES;

--
-- Table structure for table `contacts`
--

DROP TABLE IF EXISTS `contacts`;
/*!40101 SET @saved_cs_client     = @@character_set_client */;
/*!50503 SET character_set_client = utf8mb4 */;
CREATE TABLE `contacts` (
  `id` bigint unsigned NOT NULL AUTO_INCREMENT,
  `name` varchar(60) COLLATE utf8mb4_unicode_ci NOT NULL,
  `email` varchar(60) COLLATE utf8mb4_unicode_ci DEFAULT NULL,
  `phone` varchar(60) COLLATE utf8mb4_unicode_ci DEFAULT NULL,
  `address` varchar(120) COLLATE utf8mb4_unicode_ci DEFAULT NULL,
  `subject` varchar(120) COLLATE utf8mb4_unicode_ci DEFAULT NULL,
  `content` longtext COLLATE utf8mb4_unicode_ci NOT NULL,
  `custom_fields` text COLLATE utf8mb4_unicode_ci,
  `status` varchar(60) COLLATE utf8mb4_unicode_ci NOT NULL DEFAULT 'unread',
  `created_at` timestamp NULL DEFAULT NULL,
  `updated_at` timestamp NULL DEFAULT NULL,
  PRIMARY KEY (`id`)
) ENGINE=InnoDB AUTO_INCREMENT=11 DEFAULT CHARSET=utf8mb4 COLLATE=utf8mb4_unicode_ci;
/*!40101 SET character_set_client = @saved_cs_client */;

--
-- Dumping data for table `contacts`
--

LOCK TABLES `contacts` WRITE;
/*!40000 ALTER TABLE `contacts` DISABLE KEYS */;
INSERT INTO `contacts` VALUES (1,'John Smith','john.smith@example.com','+1 (555) 123-4567','123 Main Street, New York, NY 10001','General Inquiry','Hello, I am interested in learning more about your services. Could you please provide me with additional information about pricing and availability? I would appreciate a prompt response. Thank you for your time.',NULL,'read','2025-12-24 07:28:54','2025-12-24 07:28:54'),(2,'Emily Johnson','emily.johnson@example.com','+1 (555) 234-5678','456 Oak Avenue, Los Angeles, CA 90001','Partnership Opportunity','I represent a company that would like to explore potential partnership opportunities with your organization. We believe there could be mutual benefits from collaboration. Please let me know if you would be interested in scheduling a call to discuss further.',NULL,'unread','2025-12-24 07:28:54','2025-12-24 07:28:54'),(3,'Michael Brown','michael.brown@example.com','+1 (555) 345-6789','789 Pine Road, Chicago, IL 60601','Technical Support','I am experiencing some technical difficulties with your platform. The login feature seems to be not working properly on mobile devices. Could you please assist me in resolving this issue? I have attached screenshots for reference.',NULL,'read','2025-12-24 07:28:54','2025-12-24 07:28:54'),(4,'Sarah Davis','sarah.davis@example.com','+1 (555) 456-7890','321 Elm Street, Houston, TX 77001','Feedback and Suggestions','I wanted to share some feedback about your website. Overall, I find it user-friendly, but I think the navigation could be improved. Additionally, it would be great if you could add more filtering options to the search feature.',NULL,'unread','2025-12-24 07:28:54','2025-12-24 07:28:54'),(5,'James Wilson','james.wilson@example.com','+1 (555) 567-8901','654 Maple Drive, Phoenix, AZ 85001','Service Request','I would like to request a custom service package for my business. We have specific requirements that may not be covered by your standard offerings. Could we schedule a meeting to discuss our needs in detail?',NULL,'read','2025-12-24 07:28:54','2025-12-24 07:28:54'),(6,'Jennifer Taylor','jennifer.taylor@example.com','+1 (555) 678-9012','987 Cedar Lane, Philadelphia, PA 19101','Account Assistance','I am having trouble accessing my account. I have tried resetting my password multiple times, but I am still unable to log in. Could you please help me regain access to my account? My username is jennifer_t.',NULL,'unread','2025-12-24 07:28:54','2025-12-24 07:28:54'),(7,'David Anderson','david.anderson@example.com','+1 (555) 789-0123','135 Birch Boulevard, San Antonio, TX 78201','Product Information','I am interested in your premium product line and would like to receive a detailed brochure or catalog. Could you also provide information about bulk order discounts? Thank you for your assistance.',NULL,'read','2025-12-24 07:28:54','2025-12-24 07:28:54'),(8,'Lisa Martinez','lisa.martinez@example.com','+1 (555) 890-1234','246 Walnut Street, San Diego, CA 92101','Event Sponsorship','Our organization is hosting a charity event next month and we are looking for sponsors. Would your company be interested in participating? This would be a great opportunity for brand visibility and community engagement.',NULL,'unread','2025-12-24 07:28:54','2025-12-24 07:28:54'),(9,'Robert Garcia','robert.garcia@example.com','+1 (555) 901-2345','357 Spruce Court, Dallas, TX 75201','Career Opportunities','I am interested in exploring career opportunities at your company. I have over 5 years of experience in the industry and believe I could be a valuable addition to your team. Please find my resume attached for your review.',NULL,'read','2025-12-24 07:28:54','2025-12-24 07:28:54'),(10,'Jessica Rodriguez','jessica.rodriguez@example.com','+1 (555) 012-3456','468 Ash Avenue, San Jose, CA 95101','Media Inquiry','I am a journalist working on a story about innovative companies in the tech industry. I would love to feature your company in my upcoming article. Could we arrange an interview with a company representative at your earliest convenience?',NULL,'unread','2025-12-24 07:28:54','2025-12-24 07:28:54');
/*!40000 ALTER TABLE `contacts` ENABLE KEYS */;
UNLOCK TABLES;

--
-- Table structure for table `dashboard_widget_settings`
--

DROP TABLE IF EXISTS `dashboard_widget_settings`;
/*!40101 SET @saved_cs_client     = @@character_set_client */;
/*!50503 SET character_set_client = utf8mb4 */;
CREATE TABLE `dashboard_widget_settings` (
  `id` bigint unsigned NOT NULL AUTO_INCREMENT,
  `settings` text COLLATE utf8mb4_unicode_ci,
  `user_id` bigint unsigned NOT NULL,
  `widget_id` bigint unsigned NOT NULL,
  `order` tinyint unsigned NOT NULL DEFAULT '0',
  `status` tinyint unsigned NOT NULL DEFAULT '1',
  `created_at` timestamp NULL DEFAULT NULL,
  `updated_at` timestamp NULL DEFAULT NULL,
  PRIMARY KEY (`id`),
  KEY `dashboard_widget_settings_user_id_index` (`user_id`),
  KEY `dashboard_widget_settings_widget_id_index` (`widget_id`)
) ENGINE=InnoDB DEFAULT CHARSET=utf8mb4 COLLATE=utf8mb4_unicode_ci;
/*!40101 SET character_set_client = @saved_cs_client */;

--
-- Dumping data for table `dashboard_widget_settings`
--

LOCK TABLES `dashboard_widget_settings` WRITE;
/*!40000 ALTER TABLE `dashboard_widget_settings` DISABLE KEYS */;
/*!40000 ALTER TABLE `dashboard_widget_settings` ENABLE KEYS */;
UNLOCK TABLES;

--
-- Table structure for table `dashboard_widgets`
--

DROP TABLE IF EXISTS `dashboard_widgets`;
/*!40101 SET @saved_cs_client     = @@character_set_client */;
/*!50503 SET character_set_client = utf8mb4 */;
CREATE TABLE `dashboard_widgets` (
  `id` bigint unsigned NOT NULL AUTO_INCREMENT,
  `name` varchar(120) COLLATE utf8mb4_unicode_ci NOT NULL,
  `created_at` timestamp NULL DEFAULT NULL,
  `updated_at` timestamp NULL DEFAULT NULL,
  PRIMARY KEY (`id`)
) ENGINE=InnoDB DEFAULT CHARSET=utf8mb4 COLLATE=utf8mb4_unicode_ci;
/*!40101 SET character_set_client = @saved_cs_client */;

--
-- Dumping data for table `dashboard_widgets`
--

LOCK TABLES `dashboard_widgets` WRITE;
/*!40000 ALTER TABLE `dashboard_widgets` DISABLE KEYS */;
/*!40000 ALTER TABLE `dashboard_widgets` ENABLE KEYS */;
UNLOCK TABLES;

--
-- Table structure for table `device_tokens`
--

DROP TABLE IF EXISTS `device_tokens`;
/*!40101 SET @saved_cs_client     = @@character_set_client */;
/*!50503 SET character_set_client = utf8mb4 */;
CREATE TABLE `device_tokens` (
  `id` bigint unsigned NOT NULL AUTO_INCREMENT,
  `token` varchar(191) COLLATE utf8mb4_unicode_ci NOT NULL,
  `platform` varchar(191) COLLATE utf8mb4_unicode_ci DEFAULT NULL,
  `app_version` varchar(191) COLLATE utf8mb4_unicode_ci DEFAULT NULL,
  `device_id` varchar(191) COLLATE utf8mb4_unicode_ci DEFAULT NULL,
  `user_type` varchar(191) COLLATE utf8mb4_unicode_ci DEFAULT NULL,
  `user_id` bigint unsigned DEFAULT NULL,
  `is_active` tinyint(1) NOT NULL DEFAULT '1',
  `last_used_at` timestamp NULL DEFAULT NULL,
  `created_at` timestamp NULL DEFAULT NULL,
  `updated_at` timestamp NULL DEFAULT NULL,
  PRIMARY KEY (`id`),
  UNIQUE KEY `device_tokens_token_unique` (`token`),
  KEY `device_tokens_user_type_user_id_index` (`user_type`,`user_id`),
  KEY `device_tokens_platform_is_active_index` (`platform`,`is_active`),
  KEY `device_tokens_is_active_index` (`is_active`)
) ENGINE=InnoDB DEFAULT CHARSET=utf8mb4 COLLATE=utf8mb4_unicode_ci;
/*!40101 SET character_set_client = @saved_cs_client */;

--
-- Dumping data for table `device_tokens`
--

LOCK TABLES `device_tokens` WRITE;
/*!40000 ALTER TABLE `device_tokens` DISABLE KEYS */;
/*!40000 ALTER TABLE `device_tokens` ENABLE KEYS */;
UNLOCK TABLES;

--
-- Table structure for table `failed_jobs`
--

DROP TABLE IF EXISTS `failed_jobs`;
/*!40101 SET @saved_cs_client     = @@character_set_client */;
/*!50503 SET character_set_client = utf8mb4 */;
CREATE TABLE `failed_jobs` (
  `id` bigint unsigned NOT NULL AUTO_INCREMENT,
  `uuid` varchar(191) COLLATE utf8mb4_unicode_ci NOT NULL,
  `connection` text COLLATE utf8mb4_unicode_ci NOT NULL,
  `queue` text COLLATE utf8mb4_unicode_ci NOT NULL,
  `payload` longtext COLLATE utf8mb4_unicode_ci NOT NULL,
  `exception` longtext COLLATE utf8mb4_unicode_ci NOT NULL,
  `failed_at` timestamp NOT NULL DEFAULT CURRENT_TIMESTAMP,
  PRIMARY KEY (`id`),
  UNIQUE KEY `failed_jobs_uuid_unique` (`uuid`)
) ENGINE=InnoDB DEFAULT CHARSET=utf8mb4 COLLATE=utf8mb4_unicode_ci;
/*!40101 SET character_set_client = @saved_cs_client */;

--
-- Dumping data for table `failed_jobs`
--

LOCK TABLES `failed_jobs` WRITE;
/*!40000 ALTER TABLE `failed_jobs` DISABLE KEYS */;
/*!40000 ALTER TABLE `failed_jobs` ENABLE KEYS */;
UNLOCK TABLES;

--
-- Table structure for table `fob_comments`
--

DROP TABLE IF EXISTS `fob_comments`;
/*!40101 SET @saved_cs_client     = @@character_set_client */;
/*!50503 SET character_set_client = utf8mb4 */;
CREATE TABLE `fob_comments` (
  `id` bigint unsigned NOT NULL AUTO_INCREMENT,
  `reply_to` bigint unsigned DEFAULT NULL,
  `author_type` varchar(191) COLLATE utf8mb4_unicode_ci DEFAULT NULL,
  `author_id` bigint unsigned DEFAULT NULL,
  `reference_type` varchar(191) COLLATE utf8mb4_unicode_ci DEFAULT NULL,
  `reference_id` bigint unsigned DEFAULT NULL,
  `reference_url` varchar(255) COLLATE utf8mb4_unicode_ci DEFAULT NULL,
  `name` varchar(120) COLLATE utf8mb4_unicode_ci NOT NULL,
  `email` varchar(120) COLLATE utf8mb4_unicode_ci DEFAULT NULL,
  `website` varchar(255) COLLATE utf8mb4_unicode_ci DEFAULT NULL,
  `content` longtext COLLATE utf8mb4_unicode_ci NOT NULL,
  `status` varchar(60) COLLATE utf8mb4_unicode_ci NOT NULL DEFAULT 'pending',
  `ip_address` varchar(45) COLLATE utf8mb4_unicode_ci NOT NULL,
  `user_agent` text COLLATE utf8mb4_unicode_ci,
  `created_at` timestamp NULL DEFAULT NULL,
  `updated_at` timestamp NULL DEFAULT NULL,
  PRIMARY KEY (`id`),
  KEY `fob_comments_author_type_author_id_index` (`author_type`,`author_id`),
  KEY `fob_comments_reference_type_reference_id_index` (`reference_type`,`reference_id`),
  KEY `fob_comments_reply_to_index` (`reply_to`),
  KEY `fob_comments_reference_url_index` (`reference_url`),
  KEY `fob_comments_status_index` (`status`)
) ENGINE=InnoDB AUTO_INCREMENT=48 DEFAULT CHARSET=utf8mb4 COLLATE=utf8mb4_unicode_ci;
/*!40101 SET character_set_client = @saved_cs_client */;

--
-- Dumping data for table `fob_comments`
--

LOCK TABLES `fob_comments` WRITE;
/*!40000 ALTER TABLE `fob_comments` DISABLE KEYS */;
INSERT INTO `fob_comments` VALUES (1,NULL,'Botble\\Member\\Models\\Member',2,'Botble\\Blog\\Models\\Post',17,'http://localhost','John Smith','john.smith@example.com','https://friendsofbotble.com','This is really helpful, thank you!','approved','192.168.1.1','Mozilla/5.0 (Windows NT 10.0; Win64; x64) AppleWebKit/537.36 (KHTML, like Gecko) Chrome/120.0.0.0 Safari/537.36','2025-12-03 07:29:06','2025-12-24 07:29:06'),(2,NULL,'Botble\\Member\\Models\\Member',5,'Botble\\Blog\\Models\\Post',19,'http://localhost','Emily Johnson','emily.johnson@example.com','https://friendsofbotble.com','I found this article to be quite informative.','approved','192.168.1.2','Mozilla/5.0 (Windows NT 10.0; Win64; x64) AppleWebKit/537.36 (KHTML, like Gecko) Chrome/120.0.0.0 Safari/537.36','2025-12-21 07:29:06','2025-12-24 07:29:06'),(3,NULL,'Botble\\Member\\Models\\Member',5,'Botble\\Blog\\Models\\Post',3,'http://localhost','Michael Brown','michael.brown@example.com','https://friendsofbotble.com','Wow, I never knew about this before!','approved','192.168.1.3','Mozilla/5.0 (Windows NT 10.0; Win64; x64) AppleWebKit/537.36 (KHTML, like Gecko) Chrome/120.0.0.0 Safari/537.36','2025-12-06 07:29:06','2025-12-24 07:29:06'),(4,NULL,'Botble\\Member\\Models\\Member',6,'Botble\\Blog\\Models\\Post',4,'http://localhost','Sarah Davis','sarah.davis@example.com','https://friendsofbotble.com','Great job on explaining such a complex topic.','approved','192.168.1.4','Mozilla/5.0 (Windows NT 10.0; Win64; x64) AppleWebKit/537.36 (KHTML, like Gecko) Chrome/120.0.0.0 Safari/537.36','2025-12-20 07:29:06','2025-12-24 07:29:06'),(5,NULL,'Botble\\Member\\Models\\Member',5,'Botble\\Blog\\Models\\Post',19,'http://localhost','James Wilson','james.wilson@example.com','https://friendsofbotble.com','I have a question about the third paragraph.','approved','192.168.1.5','Mozilla/5.0 (Windows NT 10.0; Win64; x64) AppleWebKit/537.36 (KHTML, like Gecko) Chrome/120.0.0.0 Safari/537.36','2025-11-30 07:29:06','2025-12-24 07:29:06'),(6,NULL,'Botble\\Member\\Models\\Member',6,'Botble\\Blog\\Models\\Post',15,'http://localhost','Jennifer Taylor','jennifer.taylor@example.com','https://friendsofbotble.com','This article changed my perspective entirely.','approved','192.168.1.6','Mozilla/5.0 (Windows NT 10.0; Win64; x64) AppleWebKit/537.36 (KHTML, like Gecko) Chrome/120.0.0.0 Safari/537.36','2025-12-23 07:29:06','2025-12-24 07:29:06'),(7,NULL,'Botble\\Member\\Models\\Member',6,'Botble\\Blog\\Models\\Post',17,'http://localhost','David Anderson','david.anderson@example.com','https://friendsofbotble.com','I appreciate the effort you put into this.','approved','192.168.1.7','Mozilla/5.0 (Windows NT 10.0; Win64; x64) AppleWebKit/537.36 (KHTML, like Gecko) Chrome/120.0.0.0 Safari/537.36','2025-12-10 07:29:06','2025-12-24 07:29:06'),(8,NULL,'Botble\\Member\\Models\\Member',1,'Botble\\Blog\\Models\\Post',10,'http://localhost','Lisa Martinez','lisa.martinez@example.com','https://friendsofbotble.com','This is exactly what I was looking for, thank you!','approved','192.168.1.8','Mozilla/5.0 (Windows NT 10.0; Win64; x64) AppleWebKit/537.36 (KHTML, like Gecko) Chrome/120.0.0.0 Safari/537.36','2025-11-29 07:29:06','2025-12-24 07:29:06'),(9,NULL,'Botble\\Member\\Models\\Member',3,'Botble\\Blog\\Models\\Post',8,'http://localhost','Robert Garcia','robert.garcia@example.com','https://friendsofbotble.com','I disagree with some points mentioned here, though.','approved','192.168.1.9','Mozilla/5.0 (Windows NT 10.0; Win64; x64) AppleWebKit/537.36 (KHTML, like Gecko) Chrome/120.0.0.0 Safari/537.36','2025-11-27 07:29:06','2025-12-24 07:29:06'),(10,NULL,'Botble\\Member\\Models\\Member',3,'Botble\\Blog\\Models\\Post',19,'http://localhost','Jessica Rodriguez','jessica.rodriguez@example.com','https://friendsofbotble.com','Could you provide more examples to illustrate your point?','approved','192.168.1.10','Mozilla/5.0 (Windows NT 10.0; Win64; x64) AppleWebKit/537.36 (KHTML, like Gecko) Chrome/120.0.0.0 Safari/537.36','2025-12-23 07:29:06','2025-12-24 07:29:06'),(11,NULL,'Botble\\Member\\Models\\Member',4,'Botble\\Blog\\Models\\Post',2,'http://localhost','John Smith','john.smith@example.com','https://friendsofbotble.com','I wish there were more articles like this out there.','approved','192.168.1.11','Mozilla/5.0 (Windows NT 10.0; Win64; x64) AppleWebKit/537.36 (KHTML, like Gecko) Chrome/120.0.0.0 Safari/537.36','2025-12-19 07:29:06','2025-12-24 07:29:06'),(12,NULL,'Botble\\Member\\Models\\Member',1,'Botble\\Blog\\Models\\Post',2,'http://localhost','Emily Johnson','emily.johnson@example.com','https://friendsofbotble.com','I\'m bookmarking this for future reference.','approved','192.168.1.12','Mozilla/5.0 (Windows NT 10.0; Win64; x64) AppleWebKit/537.36 (KHTML, like Gecko) Chrome/120.0.0.0 Safari/537.36','2025-11-24 07:29:06','2025-12-24 07:29:06'),(13,NULL,'Botble\\Member\\Models\\Member',4,'Botble\\Blog\\Models\\Post',15,'http://localhost','Michael Brown','michael.brown@example.com','https://friendsofbotble.com','I\'ve shared this with my friends, they loved it!','approved','192.168.1.13','Mozilla/5.0 (Windows NT 10.0; Win64; x64) AppleWebKit/537.36 (KHTML, like Gecko) Chrome/120.0.0.0 Safari/537.36','2025-12-06 07:29:06','2025-12-24 07:29:06'),(14,NULL,'Botble\\Member\\Models\\Member',0,'Botble\\Blog\\Models\\Post',4,'http://localhost','Sarah Davis','sarah.davis@example.com','https://friendsofbotble.com','This article is a must-read for everyone interested in the topic.','approved','192.168.1.14','Mozilla/5.0 (Windows NT 10.0; Win64; x64) AppleWebKit/537.36 (KHTML, like Gecko) Chrome/120.0.0.0 Safari/537.36','2025-12-17 07:29:06','2025-12-24 07:29:06'),(15,NULL,'Botble\\Member\\Models\\Member',6,'Botble\\Blog\\Models\\Post',11,'http://localhost','James Wilson','james.wilson@example.com','https://friendsofbotble.com','Thank you for shedding light on this important issue.','approved','192.168.1.15','Mozilla/5.0 (Windows NT 10.0; Win64; x64) AppleWebKit/537.36 (KHTML, like Gecko) Chrome/120.0.0.0 Safari/537.36','2025-12-17 07:29:06','2025-12-24 07:29:06'),(16,NULL,'Botble\\Member\\Models\\Member',6,'Botble\\Blog\\Models\\Post',2,'http://localhost','Jennifer Taylor','jennifer.taylor@example.com','https://friendsofbotble.com','I\'ve been searching for information on this topic, glad I found this article.','approved','192.168.1.16','Mozilla/5.0 (Windows NT 10.0; Win64; x64) AppleWebKit/537.36 (KHTML, like Gecko) Chrome/120.0.0.0 Safari/537.36','2025-12-13 07:29:06','2025-12-24 07:29:06'),(17,NULL,'Botble\\Member\\Models\\Member',5,'Botble\\Blog\\Models\\Post',18,'http://localhost','David Anderson','david.anderson@example.com','https://friendsofbotble.com','I\'m blown away by the insights shared in this article.','approved','192.168.1.17','Mozilla/5.0 (Windows NT 10.0; Win64; x64) AppleWebKit/537.36 (KHTML, like Gecko) Chrome/120.0.0.0 Safari/537.36','2025-12-04 07:29:06','2025-12-24 07:29:06'),(18,NULL,'Botble\\Member\\Models\\Member',6,'Botble\\Blog\\Models\\Post',4,'http://localhost','Lisa Martinez','lisa.martinez@example.com','https://friendsofbotble.com','This article tackles a complex topic with clarity.','approved','192.168.1.18','Mozilla/5.0 (Windows NT 10.0; Win64; x64) AppleWebKit/537.36 (KHTML, like Gecko) Chrome/120.0.0.0 Safari/537.36','2025-11-28 07:29:06','2025-12-24 07:29:06'),(19,NULL,'Botble\\Member\\Models\\Member',3,'Botble\\Blog\\Models\\Post',10,'http://localhost','Robert Garcia','robert.garcia@example.com','https://friendsofbotble.com','I\'m going to reflect on the ideas presented in this article.','approved','192.168.1.19','Mozilla/5.0 (Windows NT 10.0; Win64; x64) AppleWebKit/537.36 (KHTML, like Gecko) Chrome/120.0.0.0 Safari/537.36','2025-12-22 07:29:06','2025-12-24 07:29:06'),(20,NULL,'Botble\\Member\\Models\\Member',7,'Botble\\Blog\\Models\\Post',18,'http://localhost','Jessica Rodriguez','jessica.rodriguez@example.com','https://friendsofbotble.com','The author\'s passion for the subject shines through in this article.','approved','192.168.1.20','Mozilla/5.0 (Windows NT 10.0; Win64; x64) AppleWebKit/537.36 (KHTML, like Gecko) Chrome/120.0.0.0 Safari/537.36','2025-11-30 07:29:06','2025-12-24 07:29:06'),(21,NULL,'Botble\\Member\\Models\\Member',6,'Botble\\Blog\\Models\\Post',15,'http://localhost','John Smith','john.smith@example.com','https://friendsofbotble.com','This article challenged my preconceptions in a thought-provoking way.','approved','192.168.1.21','Mozilla/5.0 (Windows NT 10.0; Win64; x64) AppleWebKit/537.36 (KHTML, like Gecko) Chrome/120.0.0.0 Safari/537.36','2025-12-18 07:29:06','2025-12-24 07:29:06'),(22,NULL,'Botble\\Member\\Models\\Member',0,'Botble\\Blog\\Models\\Post',14,'http://localhost','Emily Johnson','emily.johnson@example.com','https://friendsofbotble.com','I\'ve added this article to my reading list, it\'s worth revisiting.','approved','192.168.1.22','Mozilla/5.0 (Windows NT 10.0; Win64; x64) AppleWebKit/537.36 (KHTML, like Gecko) Chrome/120.0.0.0 Safari/537.36','2025-12-04 07:29:06','2025-12-24 07:29:06'),(23,NULL,'Botble\\Member\\Models\\Member',5,'Botble\\Blog\\Models\\Post',1,'http://localhost','Michael Brown','michael.brown@example.com','https://friendsofbotble.com','This article offers practical advice that I can apply in real life.','approved','192.168.1.23','Mozilla/5.0 (Windows NT 10.0; Win64; x64) AppleWebKit/537.36 (KHTML, like Gecko) Chrome/120.0.0.0 Safari/537.36','2025-12-18 07:29:06','2025-12-24 07:29:06'),(24,NULL,'Botble\\Member\\Models\\Member',2,'Botble\\Blog\\Models\\Post',12,'http://localhost','Sarah Davis','sarah.davis@example.com','https://friendsofbotble.com','I\'m going to recommend this article to my study group.','approved','192.168.1.24','Mozilla/5.0 (Windows NT 10.0; Win64; x64) AppleWebKit/537.36 (KHTML, like Gecko) Chrome/120.0.0.0 Safari/537.36','2025-12-13 07:29:06','2025-12-24 07:29:06'),(25,NULL,'Botble\\Member\\Models\\Member',6,'Botble\\Blog\\Models\\Post',18,'http://localhost','James Wilson','james.wilson@example.com','https://friendsofbotble.com','The examples provided really helped me understand the concept better.','approved','192.168.1.25','Mozilla/5.0 (Windows NT 10.0; Win64; x64) AppleWebKit/537.36 (KHTML, like Gecko) Chrome/120.0.0.0 Safari/537.36','2025-12-15 07:29:06','2025-12-24 07:29:06'),(26,NULL,'Botble\\Member\\Models\\Member',5,'Botble\\Blog\\Models\\Post',16,'http://localhost','Jennifer Taylor','jennifer.taylor@example.com','https://friendsofbotble.com','I resonate with the ideas presented here.','approved','192.168.1.26','Mozilla/5.0 (Windows NT 10.0; Win64; x64) AppleWebKit/537.36 (KHTML, like Gecko) Chrome/120.0.0.0 Safari/537.36','2025-11-27 07:29:06','2025-12-24 07:29:06'),(27,NULL,'Botble\\Member\\Models\\Member',2,'Botble\\Blog\\Models\\Post',12,'http://localhost','David Anderson','david.anderson@example.com','https://friendsofbotble.com','This article made me think critically about the topic.','approved','192.168.1.27','Mozilla/5.0 (Windows NT 10.0; Win64; x64) AppleWebKit/537.36 (KHTML, like Gecko) Chrome/120.0.0.0 Safari/537.36','2025-12-11 07:29:06','2025-12-24 07:29:06'),(28,NULL,'Botble\\Member\\Models\\Member',3,'Botble\\Blog\\Models\\Post',18,'http://localhost','Lisa Martinez','lisa.martinez@example.com','https://friendsofbotble.com','I\'ll definitely come back to this article for reference.','approved','192.168.1.28','Mozilla/5.0 (Windows NT 10.0; Win64; x64) AppleWebKit/537.36 (KHTML, like Gecko) Chrome/120.0.0.0 Safari/537.36','2025-12-19 07:29:06','2025-12-24 07:29:06'),(29,NULL,'Botble\\Member\\Models\\Member',5,'Botble\\Blog\\Models\\Post',4,'http://localhost','Robert Garcia','robert.garcia@example.com','https://friendsofbotble.com','I\'ve shared this on social media, it\'s too good not to share.','approved','192.168.1.29','Mozilla/5.0 (Windows NT 10.0; Win64; x64) AppleWebKit/537.36 (KHTML, like Gecko) Chrome/120.0.0.0 Safari/537.36','2025-12-02 07:29:06','2025-12-24 07:29:06'),(30,NULL,'Botble\\Member\\Models\\Member',0,'Botble\\Blog\\Models\\Post',6,'http://localhost','Jessica Rodriguez','jessica.rodriguez@example.com','https://friendsofbotble.com','This article presents a balanced view on a controversial topic.','approved','192.168.1.30','Mozilla/5.0 (Windows NT 10.0; Win64; x64) AppleWebKit/537.36 (KHTML, like Gecko) Chrome/120.0.0.0 Safari/537.36','2025-12-19 07:29:06','2025-12-24 07:29:06'),(31,NULL,'Botble\\Member\\Models\\Member',3,'Botble\\Blog\\Models\\Post',13,'http://localhost','John Smith','john.smith@example.com','https://friendsofbotble.com','I\'m glad I stumbled upon this article, it\'s a gem.','approved','192.168.1.31','Mozilla/5.0 (Windows NT 10.0; Win64; x64) AppleWebKit/537.36 (KHTML, like Gecko) Chrome/120.0.0.0 Safari/537.36','2025-12-20 07:29:06','2025-12-24 07:29:06'),(32,NULL,'Botble\\Member\\Models\\Member',2,'Botble\\Blog\\Models\\Post',6,'http://localhost','Emily Johnson','emily.johnson@example.com','https://friendsofbotble.com','I\'ve been struggling with this, your article helped a lot.','approved','192.168.1.32','Mozilla/5.0 (Windows NT 10.0; Win64; x64) AppleWebKit/537.36 (KHTML, like Gecko) Chrome/120.0.0.0 Safari/537.36','2025-12-09 07:29:06','2025-12-24 07:29:06'),(33,NULL,'Botble\\Member\\Models\\Member',6,'Botble\\Blog\\Models\\Post',19,'http://localhost','Michael Brown','michael.brown@example.com','https://friendsofbotble.com','I\'ve learned something new today, thanks to this article.','approved','192.168.1.33','Mozilla/5.0 (Windows NT 10.0; Win64; x64) AppleWebKit/537.36 (KHTML, like Gecko) Chrome/120.0.0.0 Safari/537.36','2025-12-13 07:29:06','2025-12-24 07:29:06'),(34,NULL,'Botble\\Member\\Models\\Member',4,'Botble\\Blog\\Models\\Post',5,'http://localhost','Sarah Davis','sarah.davis@example.com','https://friendsofbotble.com','Kudos to the author for a well-researched piece.','approved','192.168.1.34','Mozilla/5.0 (Windows NT 10.0; Win64; x64) AppleWebKit/537.36 (KHTML, like Gecko) Chrome/120.0.0.0 Safari/537.36','2025-12-18 07:29:06','2025-12-24 07:29:06'),(35,NULL,'Botble\\Member\\Models\\Member',6,'Botble\\Blog\\Models\\Post',10,'http://localhost','James Wilson','james.wilson@example.com','https://friendsofbotble.com','I\'m impressed by the depth of knowledge demonstrated here.','approved','192.168.1.35','Mozilla/5.0 (Windows NT 10.0; Win64; x64) AppleWebKit/537.36 (KHTML, like Gecko) Chrome/120.0.0.0 Safari/537.36','2025-12-07 07:29:06','2025-12-24 07:29:06'),(36,NULL,'Botble\\Member\\Models\\Member',1,'Botble\\Blog\\Models\\Post',2,'http://localhost','Jennifer Taylor','jennifer.taylor@example.com','https://friendsofbotble.com','This article challenged my assumptions in a good way.','approved','192.168.1.36','Mozilla/5.0 (Windows NT 10.0; Win64; x64) AppleWebKit/537.36 (KHTML, like Gecko) Chrome/120.0.0.0 Safari/537.36','2025-12-06 07:29:06','2025-12-24 07:29:06'),(37,NULL,'Botble\\Member\\Models\\Member',5,'Botble\\Blog\\Models\\Post',5,'http://localhost','David Anderson','david.anderson@example.com','https://friendsofbotble.com','I\'ve shared this with my colleagues, it\'s worth discussing.','approved','192.168.1.37','Mozilla/5.0 (Windows NT 10.0; Win64; x64) AppleWebKit/537.36 (KHTML, like Gecko) Chrome/120.0.0.0 Safari/537.36','2025-12-06 07:29:06','2025-12-24 07:29:06'),(38,NULL,'Botble\\Member\\Models\\Member',4,'Botble\\Blog\\Models\\Post',2,'http://localhost','Lisa Martinez','lisa.martinez@example.com','https://friendsofbotble.com','The information presented here is very valuable.','approved','192.168.1.38','Mozilla/5.0 (Windows NT 10.0; Win64; x64) AppleWebKit/537.36 (KHTML, like Gecko) Chrome/120.0.0.0 Safari/537.36','2025-12-02 07:29:06','2025-12-24 07:29:06'),(39,NULL,'Botble\\Member\\Models\\Member',2,'Botble\\Blog\\Models\\Post',15,'http://localhost','Robert Garcia','robert.garcia@example.com','https://friendsofbotble.com','You have a talent for explaining complex topics clearly.','approved','192.168.1.39','Mozilla/5.0 (Windows NT 10.0; Win64; x64) AppleWebKit/537.36 (KHTML, like Gecko) Chrome/120.0.0.0 Safari/537.36','2025-12-08 07:29:06','2025-12-24 07:29:06'),(40,NULL,'Botble\\Member\\Models\\Member',4,'Botble\\Blog\\Models\\Post',5,'http://localhost','Jessica Rodriguez','jessica.rodriguez@example.com','https://friendsofbotble.com','I\'m inspired to learn more about this after reading your article.','approved','192.168.1.40','Mozilla/5.0 (Windows NT 10.0; Win64; x64) AppleWebKit/537.36 (KHTML, like Gecko) Chrome/120.0.0.0 Safari/537.36','2025-12-14 07:29:06','2025-12-24 07:29:06'),(41,NULL,'Botble\\Member\\Models\\Member',4,'Botble\\Blog\\Models\\Post',14,'http://localhost','John Smith','john.smith@example.com','https://friendsofbotble.com','This article deserves wider recognition.','approved','192.168.1.41','Mozilla/5.0 (Windows NT 10.0; Win64; x64) AppleWebKit/537.36 (KHTML, like Gecko) Chrome/120.0.0.0 Safari/537.36','2025-12-16 07:29:06','2025-12-24 07:29:06'),(42,NULL,'Botble\\Member\\Models\\Member',2,'Botble\\Blog\\Models\\Post',4,'http://localhost','Emily Johnson','emily.johnson@example.com','https://friendsofbotble.com','I\'m grateful for the insights shared in this piece.','approved','192.168.1.42','Mozilla/5.0 (Windows NT 10.0; Win64; x64) AppleWebKit/537.36 (KHTML, like Gecko) Chrome/120.0.0.0 Safari/537.36','2025-12-10 07:29:06','2025-12-24 07:29:06'),(43,NULL,'Botble\\Member\\Models\\Member',6,'Botble\\Blog\\Models\\Post',18,'http://localhost','Michael Brown','michael.brown@example.com','https://friendsofbotble.com','The author presents a balanced view on a controversial topic.','approved','192.168.1.43','Mozilla/5.0 (Windows NT 10.0; Win64; x64) AppleWebKit/537.36 (KHTML, like Gecko) Chrome/120.0.0.0 Safari/537.36','2025-12-07 07:29:06','2025-12-24 07:29:06'),(44,NULL,'Botble\\Member\\Models\\Member',1,'Botble\\Blog\\Models\\Post',15,'http://localhost','Sarah Davis','sarah.davis@example.com','https://friendsofbotble.com','I\'m glad I stumbled upon this article, it\'s','approved','192.168.1.44','Mozilla/5.0 (Windows NT 10.0; Win64; x64) AppleWebKit/537.36 (KHTML, like Gecko) Chrome/120.0.0.0 Safari/537.36','2025-11-25 07:29:06','2025-12-24 07:29:06'),(45,NULL,'Botble\\Member\\Models\\Member',3,'Botble\\Blog\\Models\\Post',16,'http://localhost','James Wilson','james.wilson@example.com','https://friendsofbotble.com','I\'ve been searching for information on this topic, glad I found this article. It\'s incredibly insightful and provides a comprehensive overview of the subject matter. I appreciate the effort put into researching and writing this piece. It\'s truly eye-opening and has given me a new perspective. Thank you for sharing your knowledge with us!','approved','192.168.1.45','Mozilla/5.0 (Windows NT 10.0; Win64; x64) AppleWebKit/537.36 (KHTML, like Gecko) Chrome/120.0.0.0 Safari/537.36','2025-12-18 07:29:06','2025-12-24 07:29:06'),(46,NULL,'Botble\\Member\\Models\\Member',4,'Botble\\Blog\\Models\\Post',9,'http://localhost','Jennifer Taylor','jennifer.taylor@example.com','https://friendsofbotble.com','This article is a masterpiece! It dives deep into the topic and offers valuable insights that are both thought-provoking and enlightening. The author\'s expertise is evident throughout, making it a compelling read from start to finish. I\'ll definitely be coming back to this for reference in the future.','approved','192.168.1.46','Mozilla/5.0 (Windows NT 10.0; Win64; x64) AppleWebKit/537.36 (KHTML, like Gecko) Chrome/120.0.0.0 Safari/537.36','2025-12-04 07:29:06','2025-12-24 07:29:06'),(47,NULL,'Botble\\Member\\Models\\Member',2,'Botble\\Blog\\Models\\Post',6,'http://localhost','David Anderson','david.anderson@example.com','https://friendsofbotble.com','I\'m amazed by the depth of analysis in this article. It covers a wide range of aspects related to the topic, providing a comprehensive understanding. The clarity of explanation is commendable, making complex concepts easy to grasp. This article has enriched my understanding and sparked further curiosity. Kudos to the author!','approved','192.168.1.47','Mozilla/5.0 (Windows NT 10.0; Win64; x64) AppleWebKit/537.36 (KHTML, like Gecko) Chrome/120.0.0.0 Safari/537.36','2025-11-24 07:29:06','2025-12-24 07:29:06');
/*!40000 ALTER TABLE `fob_comments` ENABLE KEYS */;
UNLOCK TABLES;

--
-- Table structure for table `galleries`
--

DROP TABLE IF EXISTS `galleries`;
/*!40101 SET @saved_cs_client     = @@character_set_client */;
/*!50503 SET character_set_client = utf8mb4 */;
CREATE TABLE `galleries` (
  `id` bigint unsigned NOT NULL AUTO_INCREMENT,
  `name` varchar(120) COLLATE utf8mb4_unicode_ci NOT NULL,
  `description` longtext COLLATE utf8mb4_unicode_ci NOT NULL,
  `is_featured` tinyint unsigned NOT NULL DEFAULT '0',
  `order` tinyint unsigned NOT NULL DEFAULT '0',
  `image` varchar(191) COLLATE utf8mb4_unicode_ci DEFAULT NULL,
  `user_id` bigint unsigned DEFAULT NULL,
  `status` varchar(60) COLLATE utf8mb4_unicode_ci NOT NULL DEFAULT 'published',
  `created_at` timestamp NULL DEFAULT NULL,
  `updated_at` timestamp NULL DEFAULT NULL,
  PRIMARY KEY (`id`),
  KEY `galleries_user_id_index` (`user_id`)
) ENGINE=InnoDB AUTO_INCREMENT=21 DEFAULT CHARSET=utf8mb4 COLLATE=utf8mb4_unicode_ci;
/*!40101 SET character_set_client = @saved_cs_client */;

--
-- Dumping data for table `galleries`
--

LOCK TABLES `galleries` WRITE;
/*!40000 ALTER TABLE `galleries` DISABLE KEYS */;
INSERT INTO `galleries` VALUES (1,'Perfect','A beautiful collection of images showcasing memorable moments and stunning visuals.',0,0,'main/news/1.jpg',1,'published','2025-12-24 07:29:05','2025-12-24 07:29:05'),(2,'New Day','A beautiful collection of images showcasing memorable moments and stunning visuals.',0,0,'main/news/2.jpg',1,'published','2025-12-24 07:29:05','2025-12-24 07:29:05'),(3,'Happy Day','A beautiful collection of images showcasing memorable moments and stunning visuals.',0,0,'main/news/3.jpg',1,'published','2025-12-24 07:29:05','2025-12-24 07:29:05'),(4,'Nature','A beautiful collection of images showcasing memorable moments and stunning visuals.',0,0,'main/news/4.jpg',1,'published','2025-12-24 07:29:05','2025-12-24 07:29:05'),(5,'Morning','A beautiful collection of images showcasing memorable moments and stunning visuals.',0,0,'main/news/5.jpg',1,'published','2025-12-24 07:29:05','2025-12-24 07:29:05'),(6,'Sunset','A beautiful collection of images showcasing memorable moments and stunning visuals.',0,0,'main/news/6.jpg',1,'published','2025-12-24 07:29:05','2025-12-24 07:29:05'),(7,'Ocean Views','A beautiful collection of images showcasing memorable moments and stunning visuals.',0,0,'main/news/7.jpg',1,'published','2025-12-24 07:29:05','2025-12-24 07:29:05'),(8,'Adventure Time','A beautiful collection of images showcasing memorable moments and stunning visuals.',0,0,'main/news/8.jpg',1,'published','2025-12-24 07:29:05','2025-12-24 07:29:05'),(9,'City Lights','A beautiful collection of images showcasing memorable moments and stunning visuals.',0,0,'main/news/9.jpg',1,'published','2025-12-24 07:29:05','2025-12-24 07:29:05'),(10,'Dreamscape','A beautiful collection of images showcasing memorable moments and stunning visuals.',0,0,'main/news/10.jpg',1,'published','2025-12-24 07:29:05','2025-12-24 07:29:05'),(11,'Enchanted Forest','A beautiful collection of images showcasing memorable moments and stunning visuals.',0,0,'main/news/11.jpg',1,'published','2025-12-24 07:29:05','2025-12-24 07:29:05'),(12,'Golden Hour','A beautiful collection of images showcasing memorable moments and stunning visuals.',0,0,'main/news/12.jpg',1,'published','2025-12-24 07:29:05','2025-12-24 07:29:05'),(13,'Serenity','A beautiful collection of images showcasing memorable moments and stunning visuals.',0,0,'main/news/13.jpg',1,'published','2025-12-24 07:29:05','2025-12-24 07:29:05'),(14,'Eternal Beauty','A beautiful collection of images showcasing memorable moments and stunning visuals.',0,0,'main/news/14.jpg',1,'published','2025-12-24 07:29:05','2025-12-24 07:29:05'),(15,'Moonlight Magic','A beautiful collection of images showcasing memorable moments and stunning visuals.',0,0,'main/news/15.jpg',1,'published','2025-12-24 07:29:05','2025-12-24 07:29:05'),(16,'Starry Night','A beautiful collection of images showcasing memorable moments and stunning visuals.',0,0,'main/news/16.jpg',1,'published','2025-12-24 07:29:05','2025-12-24 07:29:05'),(17,'Hidden Gems','A beautiful collection of images showcasing memorable moments and stunning visuals.',0,0,'main/news/17.jpg',1,'published','2025-12-24 07:29:05','2025-12-24 07:29:05'),(18,'Tranquil Waters','A beautiful collection of images showcasing memorable moments and stunning visuals.',0,0,'main/news/18.jpg',1,'published','2025-12-24 07:29:05','2025-12-24 07:29:05'),(19,'Urban Escape','A beautiful collection of images showcasing memorable moments and stunning visuals.',0,0,'main/news/19.jpg',1,'published','2025-12-24 07:29:05','2025-12-24 07:29:05'),(20,'Twilight Zone','A beautiful collection of images showcasing memorable moments and stunning visuals.',0,0,'main/news/20.jpg',1,'published','2025-12-24 07:29:05','2025-12-24 07:29:05');
/*!40000 ALTER TABLE `galleries` ENABLE KEYS */;
UNLOCK TABLES;

--
-- Table structure for table `galleries_translations`
--

DROP TABLE IF EXISTS `galleries_translations`;
/*!40101 SET @saved_cs_client     = @@character_set_client */;
/*!50503 SET character_set_client = utf8mb4 */;
CREATE TABLE `galleries_translations` (
  `lang_code` varchar(20) COLLATE utf8mb4_unicode_ci NOT NULL,
  `galleries_id` bigint unsigned NOT NULL,
  `name` varchar(191) COLLATE utf8mb4_unicode_ci DEFAULT NULL,
  `description` longtext COLLATE utf8mb4_unicode_ci,
  PRIMARY KEY (`lang_code`,`galleries_id`),
  KEY `idx_galleries_trans_galleries_id` (`galleries_id`),
  KEY `idx_galleries_trans_gallery_lang` (`galleries_id`,`lang_code`)
) ENGINE=InnoDB DEFAULT CHARSET=utf8mb4 COLLATE=utf8mb4_unicode_ci;
/*!40101 SET character_set_client = @saved_cs_client */;

--
-- Dumping data for table `galleries_translations`
--

LOCK TABLES `galleries_translations` WRITE;
/*!40000 ALTER TABLE `galleries_translations` DISABLE KEYS */;
/*!40000 ALTER TABLE `galleries_translations` ENABLE KEYS */;
UNLOCK TABLES;

--
-- Table structure for table `gallery_meta`
--

DROP TABLE IF EXISTS `gallery_meta`;
/*!40101 SET @saved_cs_client     = @@character_set_client */;
/*!50503 SET character_set_client = utf8mb4 */;
CREATE TABLE `gallery_meta` (
  `id` bigint unsigned NOT NULL AUTO_INCREMENT,
  `images` text COLLATE utf8mb4_unicode_ci,
  `reference_id` bigint unsigned NOT NULL,
  `reference_type` varchar(120) COLLATE utf8mb4_unicode_ci NOT NULL,
  `created_at` timestamp NULL DEFAULT NULL,
  `updated_at` timestamp NULL DEFAULT NULL,
  PRIMARY KEY (`id`),
  KEY `gallery_meta_reference_id_index` (`reference_id`)
) ENGINE=InnoDB AUTO_INCREMENT=21 DEFAULT CHARSET=utf8mb4 COLLATE=utf8mb4_unicode_ci;
/*!40101 SET character_set_client = @saved_cs_client */;

--
-- Dumping data for table `gallery_meta`
--

LOCK TABLES `gallery_meta` WRITE;
/*!40000 ALTER TABLE `gallery_meta` DISABLE KEYS */;
INSERT INTO `gallery_meta` VALUES (1,'[{\"img\":\"main\\/news\\/1.jpg\",\"description\":\"\"},{\"img\":\"main\\/news\\/2.jpg\",\"description\":\"\"},{\"img\":\"main\\/news\\/3.jpg\",\"description\":\"\"},{\"img\":\"main\\/news\\/4.jpg\",\"description\":\"\"},{\"img\":\"main\\/news\\/5.jpg\",\"description\":\"\"},{\"img\":\"main\\/news\\/6.jpg\",\"description\":\"\"},{\"img\":\"main\\/news\\/7.jpg\",\"description\":\"\"},{\"img\":\"main\\/news\\/8.jpg\",\"description\":\"\"},{\"img\":\"main\\/news\\/9.jpg\",\"description\":\"\"},{\"img\":\"main\\/news\\/10.jpg\",\"description\":\"\"},{\"img\":\"main\\/news\\/11.jpg\",\"description\":\"\"},{\"img\":\"main\\/news\\/12.jpg\",\"description\":\"\"},{\"img\":\"main\\/news\\/13.jpg\",\"description\":\"\"},{\"img\":\"main\\/news\\/14.jpg\",\"description\":\"\"},{\"img\":\"main\\/news\\/15.jpg\",\"description\":\"\"},{\"img\":\"main\\/news\\/16.jpg\",\"description\":\"\"},{\"img\":\"main\\/news\\/17.jpg\",\"description\":\"\"},{\"img\":\"main\\/news\\/18.jpg\",\"description\":\"\"},{\"img\":\"main\\/news\\/19.jpg\",\"description\":\"\"},{\"img\":\"main\\/news\\/20.jpg\",\"description\":\"\"}]',1,'Botble\\Gallery\\Models\\Gallery','2025-12-24 07:29:05','2025-12-24 07:29:05'),(2,'[{\"img\":\"main\\/news\\/1.jpg\",\"description\":\"\"},{\"img\":\"main\\/news\\/2.jpg\",\"description\":\"\"},{\"img\":\"main\\/news\\/3.jpg\",\"description\":\"\"},{\"img\":\"main\\/news\\/4.jpg\",\"description\":\"\"},{\"img\":\"main\\/news\\/5.jpg\",\"description\":\"\"},{\"img\":\"main\\/news\\/6.jpg\",\"description\":\"\"},{\"img\":\"main\\/news\\/7.jpg\",\"description\":\"\"},{\"img\":\"main\\/news\\/8.jpg\",\"description\":\"\"},{\"img\":\"main\\/news\\/9.jpg\",\"description\":\"\"},{\"img\":\"main\\/news\\/10.jpg\",\"description\":\"\"},{\"img\":\"main\\/news\\/11.jpg\",\"description\":\"\"},{\"img\":\"main\\/news\\/12.jpg\",\"description\":\"\"},{\"img\":\"main\\/news\\/13.jpg\",\"description\":\"\"},{\"img\":\"main\\/news\\/14.jpg\",\"description\":\"\"},{\"img\":\"main\\/news\\/15.jpg\",\"description\":\"\"},{\"img\":\"main\\/news\\/16.jpg\",\"description\":\"\"},{\"img\":\"main\\/news\\/17.jpg\",\"description\":\"\"},{\"img\":\"main\\/news\\/18.jpg\",\"description\":\"\"},{\"img\":\"main\\/news\\/19.jpg\",\"description\":\"\"},{\"img\":\"main\\/news\\/20.jpg\",\"description\":\"\"}]',2,'Botble\\Gallery\\Models\\Gallery','2025-12-24 07:29:05','2025-12-24 07:29:05'),(3,'[{\"img\":\"main\\/news\\/1.jpg\",\"description\":\"\"},{\"img\":\"main\\/news\\/2.jpg\",\"description\":\"\"},{\"img\":\"main\\/news\\/3.jpg\",\"description\":\"\"},{\"img\":\"main\\/news\\/4.jpg\",\"description\":\"\"},{\"img\":\"main\\/news\\/5.jpg\",\"description\":\"\"},{\"img\":\"main\\/news\\/6.jpg\",\"description\":\"\"},{\"img\":\"main\\/news\\/7.jpg\",\"description\":\"\"},{\"img\":\"main\\/news\\/8.jpg\",\"description\":\"\"},{\"img\":\"main\\/news\\/9.jpg\",\"description\":\"\"},{\"img\":\"main\\/news\\/10.jpg\",\"description\":\"\"},{\"img\":\"main\\/news\\/11.jpg\",\"description\":\"\"},{\"img\":\"main\\/news\\/12.jpg\",\"description\":\"\"},{\"img\":\"main\\/news\\/13.jpg\",\"description\":\"\"},{\"img\":\"main\\/news\\/14.jpg\",\"description\":\"\"},{\"img\":\"main\\/news\\/15.jpg\",\"description\":\"\"},{\"img\":\"main\\/news\\/16.jpg\",\"description\":\"\"},{\"img\":\"main\\/news\\/17.jpg\",\"description\":\"\"},{\"img\":\"main\\/news\\/18.jpg\",\"description\":\"\"},{\"img\":\"main\\/news\\/19.jpg\",\"description\":\"\"},{\"img\":\"main\\/news\\/20.jpg\",\"description\":\"\"}]',3,'Botble\\Gallery\\Models\\Gallery','2025-12-24 07:29:05','2025-12-24 07:29:05'),(4,'[{\"img\":\"main\\/news\\/1.jpg\",\"description\":\"\"},{\"img\":\"main\\/news\\/2.jpg\",\"description\":\"\"},{\"img\":\"main\\/news\\/3.jpg\",\"description\":\"\"},{\"img\":\"main\\/news\\/4.jpg\",\"description\":\"\"},{\"img\":\"main\\/news\\/5.jpg\",\"description\":\"\"},{\"img\":\"main\\/news\\/6.jpg\",\"description\":\"\"},{\"img\":\"main\\/news\\/7.jpg\",\"description\":\"\"},{\"img\":\"main\\/news\\/8.jpg\",\"description\":\"\"},{\"img\":\"main\\/news\\/9.jpg\",\"description\":\"\"},{\"img\":\"main\\/news\\/10.jpg\",\"description\":\"\"},{\"img\":\"main\\/news\\/11.jpg\",\"description\":\"\"},{\"img\":\"main\\/news\\/12.jpg\",\"description\":\"\"},{\"img\":\"main\\/news\\/13.jpg\",\"description\":\"\"},{\"img\":\"main\\/news\\/14.jpg\",\"description\":\"\"},{\"img\":\"main\\/news\\/15.jpg\",\"description\":\"\"},{\"img\":\"main\\/news\\/16.jpg\",\"description\":\"\"},{\"img\":\"main\\/news\\/17.jpg\",\"description\":\"\"},{\"img\":\"main\\/news\\/18.jpg\",\"description\":\"\"},{\"img\":\"main\\/news\\/19.jpg\",\"description\":\"\"},{\"img\":\"main\\/news\\/20.jpg\",\"description\":\"\"}]',4,'Botble\\Gallery\\Models\\Gallery','2025-12-24 07:29:05','2025-12-24 07:29:05'),(5,'[{\"img\":\"main\\/news\\/1.jpg\",\"description\":\"\"},{\"img\":\"main\\/news\\/2.jpg\",\"description\":\"\"},{\"img\":\"main\\/news\\/3.jpg\",\"description\":\"\"},{\"img\":\"main\\/news\\/4.jpg\",\"description\":\"\"},{\"img\":\"main\\/news\\/5.jpg\",\"description\":\"\"},{\"img\":\"main\\/news\\/6.jpg\",\"description\":\"\"},{\"img\":\"main\\/news\\/7.jpg\",\"description\":\"\"},{\"img\":\"main\\/news\\/8.jpg\",\"description\":\"\"},{\"img\":\"main\\/news\\/9.jpg\",\"description\":\"\"},{\"img\":\"main\\/news\\/10.jpg\",\"description\":\"\"},{\"img\":\"main\\/news\\/11.jpg\",\"description\":\"\"},{\"img\":\"main\\/news\\/12.jpg\",\"description\":\"\"},{\"img\":\"main\\/news\\/13.jpg\",\"description\":\"\"},{\"img\":\"main\\/news\\/14.jpg\",\"description\":\"\"},{\"img\":\"main\\/news\\/15.jpg\",\"description\":\"\"},{\"img\":\"main\\/news\\/16.jpg\",\"description\":\"\"},{\"img\":\"main\\/news\\/17.jpg\",\"description\":\"\"},{\"img\":\"main\\/news\\/18.jpg\",\"description\":\"\"},{\"img\":\"main\\/news\\/19.jpg\",\"description\":\"\"},{\"img\":\"main\\/news\\/20.jpg\",\"description\":\"\"}]',5,'Botble\\Gallery\\Models\\Gallery','2025-12-24 07:29:05','2025-12-24 07:29:05'),(6,'[{\"img\":\"main\\/news\\/1.jpg\",\"description\":\"\"},{\"img\":\"main\\/news\\/2.jpg\",\"description\":\"\"},{\"img\":\"main\\/news\\/3.jpg\",\"description\":\"\"},{\"img\":\"main\\/news\\/4.jpg\",\"description\":\"\"},{\"img\":\"main\\/news\\/5.jpg\",\"description\":\"\"},{\"img\":\"main\\/news\\/6.jpg\",\"description\":\"\"},{\"img\":\"main\\/news\\/7.jpg\",\"description\":\"\"},{\"img\":\"main\\/news\\/8.jpg\",\"description\":\"\"},{\"img\":\"main\\/news\\/9.jpg\",\"description\":\"\"},{\"img\":\"main\\/news\\/10.jpg\",\"description\":\"\"},{\"img\":\"main\\/news\\/11.jpg\",\"description\":\"\"},{\"img\":\"main\\/news\\/12.jpg\",\"description\":\"\"},{\"img\":\"main\\/news\\/13.jpg\",\"description\":\"\"},{\"img\":\"main\\/news\\/14.jpg\",\"description\":\"\"},{\"img\":\"main\\/news\\/15.jpg\",\"description\":\"\"},{\"img\":\"main\\/news\\/16.jpg\",\"description\":\"\"},{\"img\":\"main\\/news\\/17.jpg\",\"description\":\"\"},{\"img\":\"main\\/news\\/18.jpg\",\"description\":\"\"},{\"img\":\"main\\/news\\/19.jpg\",\"description\":\"\"},{\"img\":\"main\\/news\\/20.jpg\",\"description\":\"\"}]',6,'Botble\\Gallery\\Models\\Gallery','2025-12-24 07:29:05','2025-12-24 07:29:05'),(7,'[{\"img\":\"main\\/news\\/1.jpg\",\"description\":\"\"},{\"img\":\"main\\/news\\/2.jpg\",\"description\":\"\"},{\"img\":\"main\\/news\\/3.jpg\",\"description\":\"\"},{\"img\":\"main\\/news\\/4.jpg\",\"description\":\"\"},{\"img\":\"main\\/news\\/5.jpg\",\"description\":\"\"},{\"img\":\"main\\/news\\/6.jpg\",\"description\":\"\"},{\"img\":\"main\\/news\\/7.jpg\",\"description\":\"\"},{\"img\":\"main\\/news\\/8.jpg\",\"description\":\"\"},{\"img\":\"main\\/news\\/9.jpg\",\"description\":\"\"},{\"img\":\"main\\/news\\/10.jpg\",\"description\":\"\"},{\"img\":\"main\\/news\\/11.jpg\",\"description\":\"\"},{\"img\":\"main\\/news\\/12.jpg\",\"description\":\"\"},{\"img\":\"main\\/news\\/13.jpg\",\"description\":\"\"},{\"img\":\"main\\/news\\/14.jpg\",\"description\":\"\"},{\"img\":\"main\\/news\\/15.jpg\",\"description\":\"\"},{\"img\":\"main\\/news\\/16.jpg\",\"description\":\"\"},{\"img\":\"main\\/news\\/17.jpg\",\"description\":\"\"},{\"img\":\"main\\/news\\/18.jpg\",\"description\":\"\"},{\"img\":\"main\\/news\\/19.jpg\",\"description\":\"\"},{\"img\":\"main\\/news\\/20.jpg\",\"description\":\"\"}]',7,'Botble\\Gallery\\Models\\Gallery','2025-12-24 07:29:05','2025-12-24 07:29:05'),(8,'[{\"img\":\"main\\/news\\/1.jpg\",\"description\":\"\"},{\"img\":\"main\\/news\\/2.jpg\",\"description\":\"\"},{\"img\":\"main\\/news\\/3.jpg\",\"description\":\"\"},{\"img\":\"main\\/news\\/4.jpg\",\"description\":\"\"},{\"img\":\"main\\/news\\/5.jpg\",\"description\":\"\"},{\"img\":\"main\\/news\\/6.jpg\",\"description\":\"\"},{\"img\":\"main\\/news\\/7.jpg\",\"description\":\"\"},{\"img\":\"main\\/news\\/8.jpg\",\"description\":\"\"},{\"img\":\"main\\/news\\/9.jpg\",\"description\":\"\"},{\"img\":\"main\\/news\\/10.jpg\",\"description\":\"\"},{\"img\":\"main\\/news\\/11.jpg\",\"description\":\"\"},{\"img\":\"main\\/news\\/12.jpg\",\"description\":\"\"},{\"img\":\"main\\/news\\/13.jpg\",\"description\":\"\"},{\"img\":\"main\\/news\\/14.jpg\",\"description\":\"\"},{\"img\":\"main\\/news\\/15.jpg\",\"description\":\"\"},{\"img\":\"main\\/news\\/16.jpg\",\"description\":\"\"},{\"img\":\"main\\/news\\/17.jpg\",\"description\":\"\"},{\"img\":\"main\\/news\\/18.jpg\",\"description\":\"\"},{\"img\":\"main\\/news\\/19.jpg\",\"description\":\"\"},{\"img\":\"main\\/news\\/20.jpg\",\"description\":\"\"}]',8,'Botble\\Gallery\\Models\\Gallery','2025-12-24 07:29:05','2025-12-24 07:29:05'),(9,'[{\"img\":\"main\\/news\\/1.jpg\",\"description\":\"\"},{\"img\":\"main\\/news\\/2.jpg\",\"description\":\"\"},{\"img\":\"main\\/news\\/3.jpg\",\"description\":\"\"},{\"img\":\"main\\/news\\/4.jpg\",\"description\":\"\"},{\"img\":\"main\\/news\\/5.jpg\",\"description\":\"\"},{\"img\":\"main\\/news\\/6.jpg\",\"description\":\"\"},{\"img\":\"main\\/news\\/7.jpg\",\"description\":\"\"},{\"img\":\"main\\/news\\/8.jpg\",\"description\":\"\"},{\"img\":\"main\\/news\\/9.jpg\",\"description\":\"\"},{\"img\":\"main\\/news\\/10.jpg\",\"description\":\"\"},{\"img\":\"main\\/news\\/11.jpg\",\"description\":\"\"},{\"img\":\"main\\/news\\/12.jpg\",\"description\":\"\"},{\"img\":\"main\\/news\\/13.jpg\",\"description\":\"\"},{\"img\":\"main\\/news\\/14.jpg\",\"description\":\"\"},{\"img\":\"main\\/news\\/15.jpg\",\"description\":\"\"},{\"img\":\"main\\/news\\/16.jpg\",\"description\":\"\"},{\"img\":\"main\\/news\\/17.jpg\",\"description\":\"\"},{\"img\":\"main\\/news\\/18.jpg\",\"description\":\"\"},{\"img\":\"main\\/news\\/19.jpg\",\"description\":\"\"},{\"img\":\"main\\/news\\/20.jpg\",\"description\":\"\"}]',9,'Botble\\Gallery\\Models\\Gallery','2025-12-24 07:29:05','2025-12-24 07:29:05'),(10,'[{\"img\":\"main\\/news\\/1.jpg\",\"description\":\"\"},{\"img\":\"main\\/news\\/2.jpg\",\"description\":\"\"},{\"img\":\"main\\/news\\/3.jpg\",\"description\":\"\"},{\"img\":\"main\\/news\\/4.jpg\",\"description\":\"\"},{\"img\":\"main\\/news\\/5.jpg\",\"description\":\"\"},{\"img\":\"main\\/news\\/6.jpg\",\"description\":\"\"},{\"img\":\"main\\/news\\/7.jpg\",\"description\":\"\"},{\"img\":\"main\\/news\\/8.jpg\",\"description\":\"\"},{\"img\":\"main\\/news\\/9.jpg\",\"description\":\"\"},{\"img\":\"main\\/news\\/10.jpg\",\"description\":\"\"},{\"img\":\"main\\/news\\/11.jpg\",\"description\":\"\"},{\"img\":\"main\\/news\\/12.jpg\",\"description\":\"\"},{\"img\":\"main\\/news\\/13.jpg\",\"description\":\"\"},{\"img\":\"main\\/news\\/14.jpg\",\"description\":\"\"},{\"img\":\"main\\/news\\/15.jpg\",\"description\":\"\"},{\"img\":\"main\\/news\\/16.jpg\",\"description\":\"\"},{\"img\":\"main\\/news\\/17.jpg\",\"description\":\"\"},{\"img\":\"main\\/news\\/18.jpg\",\"description\":\"\"},{\"img\":\"main\\/news\\/19.jpg\",\"description\":\"\"},{\"img\":\"main\\/news\\/20.jpg\",\"description\":\"\"}]',10,'Botble\\Gallery\\Models\\Gallery','2025-12-24 07:29:05','2025-12-24 07:29:05'),(11,'[{\"img\":\"main\\/news\\/1.jpg\",\"description\":\"\"},{\"img\":\"main\\/news\\/2.jpg\",\"description\":\"\"},{\"img\":\"main\\/news\\/3.jpg\",\"description\":\"\"},{\"img\":\"main\\/news\\/4.jpg\",\"description\":\"\"},{\"img\":\"main\\/news\\/5.jpg\",\"description\":\"\"},{\"img\":\"main\\/news\\/6.jpg\",\"description\":\"\"},{\"img\":\"main\\/news\\/7.jpg\",\"description\":\"\"},{\"img\":\"main\\/news\\/8.jpg\",\"description\":\"\"},{\"img\":\"main\\/news\\/9.jpg\",\"description\":\"\"},{\"img\":\"main\\/news\\/10.jpg\",\"description\":\"\"},{\"img\":\"main\\/news\\/11.jpg\",\"description\":\"\"},{\"img\":\"main\\/news\\/12.jpg\",\"description\":\"\"},{\"img\":\"main\\/news\\/13.jpg\",\"description\":\"\"},{\"img\":\"main\\/news\\/14.jpg\",\"description\":\"\"},{\"img\":\"main\\/news\\/15.jpg\",\"description\":\"\"},{\"img\":\"main\\/news\\/16.jpg\",\"description\":\"\"},{\"img\":\"main\\/news\\/17.jpg\",\"description\":\"\"},{\"img\":\"main\\/news\\/18.jpg\",\"description\":\"\"},{\"img\":\"main\\/news\\/19.jpg\",\"description\":\"\"},{\"img\":\"main\\/news\\/20.jpg\",\"description\":\"\"}]',11,'Botble\\Gallery\\Models\\Gallery','2025-12-24 07:29:05','2025-12-24 07:29:05'),(12,'[{\"img\":\"main\\/news\\/1.jpg\",\"description\":\"\"},{\"img\":\"main\\/news\\/2.jpg\",\"description\":\"\"},{\"img\":\"main\\/news\\/3.jpg\",\"description\":\"\"},{\"img\":\"main\\/news\\/4.jpg\",\"description\":\"\"},{\"img\":\"main\\/news\\/5.jpg\",\"description\":\"\"},{\"img\":\"main\\/news\\/6.jpg\",\"description\":\"\"},{\"img\":\"main\\/news\\/7.jpg\",\"description\":\"\"},{\"img\":\"main\\/news\\/8.jpg\",\"description\":\"\"},{\"img\":\"main\\/news\\/9.jpg\",\"description\":\"\"},{\"img\":\"main\\/news\\/10.jpg\",\"description\":\"\"},{\"img\":\"main\\/news\\/11.jpg\",\"description\":\"\"},{\"img\":\"main\\/news\\/12.jpg\",\"description\":\"\"},{\"img\":\"main\\/news\\/13.jpg\",\"description\":\"\"},{\"img\":\"main\\/news\\/14.jpg\",\"description\":\"\"},{\"img\":\"main\\/news\\/15.jpg\",\"description\":\"\"},{\"img\":\"main\\/news\\/16.jpg\",\"description\":\"\"},{\"img\":\"main\\/news\\/17.jpg\",\"description\":\"\"},{\"img\":\"main\\/news\\/18.jpg\",\"description\":\"\"},{\"img\":\"main\\/news\\/19.jpg\",\"description\":\"\"},{\"img\":\"main\\/news\\/20.jpg\",\"description\":\"\"}]',12,'Botble\\Gallery\\Models\\Gallery','2025-12-24 07:29:05','2025-12-24 07:29:05'),(13,'[{\"img\":\"main\\/news\\/1.jpg\",\"description\":\"\"},{\"img\":\"main\\/news\\/2.jpg\",\"description\":\"\"},{\"img\":\"main\\/news\\/3.jpg\",\"description\":\"\"},{\"img\":\"main\\/news\\/4.jpg\",\"description\":\"\"},{\"img\":\"main\\/news\\/5.jpg\",\"description\":\"\"},{\"img\":\"main\\/news\\/6.jpg\",\"description\":\"\"},{\"img\":\"main\\/news\\/7.jpg\",\"description\":\"\"},{\"img\":\"main\\/news\\/8.jpg\",\"description\":\"\"},{\"img\":\"main\\/news\\/9.jpg\",\"description\":\"\"},{\"img\":\"main\\/news\\/10.jpg\",\"description\":\"\"},{\"img\":\"main\\/news\\/11.jpg\",\"description\":\"\"},{\"img\":\"main\\/news\\/12.jpg\",\"description\":\"\"},{\"img\":\"main\\/news\\/13.jpg\",\"description\":\"\"},{\"img\":\"main\\/news\\/14.jpg\",\"description\":\"\"},{\"img\":\"main\\/news\\/15.jpg\",\"description\":\"\"},{\"img\":\"main\\/news\\/16.jpg\",\"description\":\"\"},{\"img\":\"main\\/news\\/17.jpg\",\"description\":\"\"},{\"img\":\"main\\/news\\/18.jpg\",\"description\":\"\"},{\"img\":\"main\\/news\\/19.jpg\",\"description\":\"\"},{\"img\":\"main\\/news\\/20.jpg\",\"description\":\"\"}]',13,'Botble\\Gallery\\Models\\Gallery','2025-12-24 07:29:05','2025-12-24 07:29:05'),(14,'[{\"img\":\"main\\/news\\/1.jpg\",\"description\":\"\"},{\"img\":\"main\\/news\\/2.jpg\",\"description\":\"\"},{\"img\":\"main\\/news\\/3.jpg\",\"description\":\"\"},{\"img\":\"main\\/news\\/4.jpg\",\"description\":\"\"},{\"img\":\"main\\/news\\/5.jpg\",\"description\":\"\"},{\"img\":\"main\\/news\\/6.jpg\",\"description\":\"\"},{\"img\":\"main\\/news\\/7.jpg\",\"description\":\"\"},{\"img\":\"main\\/news\\/8.jpg\",\"description\":\"\"},{\"img\":\"main\\/news\\/9.jpg\",\"description\":\"\"},{\"img\":\"main\\/news\\/10.jpg\",\"description\":\"\"},{\"img\":\"main\\/news\\/11.jpg\",\"description\":\"\"},{\"img\":\"main\\/news\\/12.jpg\",\"description\":\"\"},{\"img\":\"main\\/news\\/13.jpg\",\"description\":\"\"},{\"img\":\"main\\/news\\/14.jpg\",\"description\":\"\"},{\"img\":\"main\\/news\\/15.jpg\",\"description\":\"\"},{\"img\":\"main\\/news\\/16.jpg\",\"description\":\"\"},{\"img\":\"main\\/news\\/17.jpg\",\"description\":\"\"},{\"img\":\"main\\/news\\/18.jpg\",\"description\":\"\"},{\"img\":\"main\\/news\\/19.jpg\",\"description\":\"\"},{\"img\":\"main\\/news\\/20.jpg\",\"description\":\"\"}]',14,'Botble\\Gallery\\Models\\Gallery','2025-12-24 07:29:05','2025-12-24 07:29:05'),(15,'[{\"img\":\"main\\/news\\/1.jpg\",\"description\":\"\"},{\"img\":\"main\\/news\\/2.jpg\",\"description\":\"\"},{\"img\":\"main\\/news\\/3.jpg\",\"description\":\"\"},{\"img\":\"main\\/news\\/4.jpg\",\"description\":\"\"},{\"img\":\"main\\/news\\/5.jpg\",\"description\":\"\"},{\"img\":\"main\\/news\\/6.jpg\",\"description\":\"\"},{\"img\":\"main\\/news\\/7.jpg\",\"description\":\"\"},{\"img\":\"main\\/news\\/8.jpg\",\"description\":\"\"},{\"img\":\"main\\/news\\/9.jpg\",\"description\":\"\"},{\"img\":\"main\\/news\\/10.jpg\",\"description\":\"\"},{\"img\":\"main\\/news\\/11.jpg\",\"description\":\"\"},{\"img\":\"main\\/news\\/12.jpg\",\"description\":\"\"},{\"img\":\"main\\/news\\/13.jpg\",\"description\":\"\"},{\"img\":\"main\\/news\\/14.jpg\",\"description\":\"\"},{\"img\":\"main\\/news\\/15.jpg\",\"description\":\"\"},{\"img\":\"main\\/news\\/16.jpg\",\"description\":\"\"},{\"img\":\"main\\/news\\/17.jpg\",\"description\":\"\"},{\"img\":\"main\\/news\\/18.jpg\",\"description\":\"\"},{\"img\":\"main\\/news\\/19.jpg\",\"description\":\"\"},{\"img\":\"main\\/news\\/20.jpg\",\"description\":\"\"}]',15,'Botble\\Gallery\\Models\\Gallery','2025-12-24 07:29:05','2025-12-24 07:29:05'),(16,'[{\"img\":\"main\\/news\\/1.jpg\",\"description\":\"\"},{\"img\":\"main\\/news\\/2.jpg\",\"description\":\"\"},{\"img\":\"main\\/news\\/3.jpg\",\"description\":\"\"},{\"img\":\"main\\/news\\/4.jpg\",\"description\":\"\"},{\"img\":\"main\\/news\\/5.jpg\",\"description\":\"\"},{\"img\":\"main\\/news\\/6.jpg\",\"description\":\"\"},{\"img\":\"main\\/news\\/7.jpg\",\"description\":\"\"},{\"img\":\"main\\/news\\/8.jpg\",\"description\":\"\"},{\"img\":\"main\\/news\\/9.jpg\",\"description\":\"\"},{\"img\":\"main\\/news\\/10.jpg\",\"description\":\"\"},{\"img\":\"main\\/news\\/11.jpg\",\"description\":\"\"},{\"img\":\"main\\/news\\/12.jpg\",\"description\":\"\"},{\"img\":\"main\\/news\\/13.jpg\",\"description\":\"\"},{\"img\":\"main\\/news\\/14.jpg\",\"description\":\"\"},{\"img\":\"main\\/news\\/15.jpg\",\"description\":\"\"},{\"img\":\"main\\/news\\/16.jpg\",\"description\":\"\"},{\"img\":\"main\\/news\\/17.jpg\",\"description\":\"\"},{\"img\":\"main\\/news\\/18.jpg\",\"description\":\"\"},{\"img\":\"main\\/news\\/19.jpg\",\"description\":\"\"},{\"img\":\"main\\/news\\/20.jpg\",\"description\":\"\"}]',16,'Botble\\Gallery\\Models\\Gallery','2025-12-24 07:29:05','2025-12-24 07:29:05'),(17,'[{\"img\":\"main\\/news\\/1.jpg\",\"description\":\"\"},{\"img\":\"main\\/news\\/2.jpg\",\"description\":\"\"},{\"img\":\"main\\/news\\/3.jpg\",\"description\":\"\"},{\"img\":\"main\\/news\\/4.jpg\",\"description\":\"\"},{\"img\":\"main\\/news\\/5.jpg\",\"description\":\"\"},{\"img\":\"main\\/news\\/6.jpg\",\"description\":\"\"},{\"img\":\"main\\/news\\/7.jpg\",\"description\":\"\"},{\"img\":\"main\\/news\\/8.jpg\",\"description\":\"\"},{\"img\":\"main\\/news\\/9.jpg\",\"description\":\"\"},{\"img\":\"main\\/news\\/10.jpg\",\"description\":\"\"},{\"img\":\"main\\/news\\/11.jpg\",\"description\":\"\"},{\"img\":\"main\\/news\\/12.jpg\",\"description\":\"\"},{\"img\":\"main\\/news\\/13.jpg\",\"description\":\"\"},{\"img\":\"main\\/news\\/14.jpg\",\"description\":\"\"},{\"img\":\"main\\/news\\/15.jpg\",\"description\":\"\"},{\"img\":\"main\\/news\\/16.jpg\",\"description\":\"\"},{\"img\":\"main\\/news\\/17.jpg\",\"description\":\"\"},{\"img\":\"main\\/news\\/18.jpg\",\"description\":\"\"},{\"img\":\"main\\/news\\/19.jpg\",\"description\":\"\"},{\"img\":\"main\\/news\\/20.jpg\",\"description\":\"\"}]',17,'Botble\\Gallery\\Models\\Gallery','2025-12-24 07:29:05','2025-12-24 07:29:05'),(18,'[{\"img\":\"main\\/news\\/1.jpg\",\"description\":\"\"},{\"img\":\"main\\/news\\/2.jpg\",\"description\":\"\"},{\"img\":\"main\\/news\\/3.jpg\",\"description\":\"\"},{\"img\":\"main\\/news\\/4.jpg\",\"description\":\"\"},{\"img\":\"main\\/news\\/5.jpg\",\"description\":\"\"},{\"img\":\"main\\/news\\/6.jpg\",\"description\":\"\"},{\"img\":\"main\\/news\\/7.jpg\",\"description\":\"\"},{\"img\":\"main\\/news\\/8.jpg\",\"description\":\"\"},{\"img\":\"main\\/news\\/9.jpg\",\"description\":\"\"},{\"img\":\"main\\/news\\/10.jpg\",\"description\":\"\"},{\"img\":\"main\\/news\\/11.jpg\",\"description\":\"\"},{\"img\":\"main\\/news\\/12.jpg\",\"description\":\"\"},{\"img\":\"main\\/news\\/13.jpg\",\"description\":\"\"},{\"img\":\"main\\/news\\/14.jpg\",\"description\":\"\"},{\"img\":\"main\\/news\\/15.jpg\",\"description\":\"\"},{\"img\":\"main\\/news\\/16.jpg\",\"description\":\"\"},{\"img\":\"main\\/news\\/17.jpg\",\"description\":\"\"},{\"img\":\"main\\/news\\/18.jpg\",\"description\":\"\"},{\"img\":\"main\\/news\\/19.jpg\",\"description\":\"\"},{\"img\":\"main\\/news\\/20.jpg\",\"description\":\"\"}]',18,'Botble\\Gallery\\Models\\Gallery','2025-12-24 07:29:05','2025-12-24 07:29:05'),(19,'[{\"img\":\"main\\/news\\/1.jpg\",\"description\":\"\"},{\"img\":\"main\\/news\\/2.jpg\",\"description\":\"\"},{\"img\":\"main\\/news\\/3.jpg\",\"description\":\"\"},{\"img\":\"main\\/news\\/4.jpg\",\"description\":\"\"},{\"img\":\"main\\/news\\/5.jpg\",\"description\":\"\"},{\"img\":\"main\\/news\\/6.jpg\",\"description\":\"\"},{\"img\":\"main\\/news\\/7.jpg\",\"description\":\"\"},{\"img\":\"main\\/news\\/8.jpg\",\"description\":\"\"},{\"img\":\"main\\/news\\/9.jpg\",\"description\":\"\"},{\"img\":\"main\\/news\\/10.jpg\",\"description\":\"\"},{\"img\":\"main\\/news\\/11.jpg\",\"description\":\"\"},{\"img\":\"main\\/news\\/12.jpg\",\"description\":\"\"},{\"img\":\"main\\/news\\/13.jpg\",\"description\":\"\"},{\"img\":\"main\\/news\\/14.jpg\",\"description\":\"\"},{\"img\":\"main\\/news\\/15.jpg\",\"description\":\"\"},{\"img\":\"main\\/news\\/16.jpg\",\"description\":\"\"},{\"img\":\"main\\/news\\/17.jpg\",\"description\":\"\"},{\"img\":\"main\\/news\\/18.jpg\",\"description\":\"\"},{\"img\":\"main\\/news\\/19.jpg\",\"description\":\"\"},{\"img\":\"main\\/news\\/20.jpg\",\"description\":\"\"}]',19,'Botble\\Gallery\\Models\\Gallery','2025-12-24 07:29:05','2025-12-24 07:29:05'),(20,'[{\"img\":\"main\\/news\\/1.jpg\",\"description\":\"\"},{\"img\":\"main\\/news\\/2.jpg\",\"description\":\"\"},{\"img\":\"main\\/news\\/3.jpg\",\"description\":\"\"},{\"img\":\"main\\/news\\/4.jpg\",\"description\":\"\"},{\"img\":\"main\\/news\\/5.jpg\",\"description\":\"\"},{\"img\":\"main\\/news\\/6.jpg\",\"description\":\"\"},{\"img\":\"main\\/news\\/7.jpg\",\"description\":\"\"},{\"img\":\"main\\/news\\/8.jpg\",\"description\":\"\"},{\"img\":\"main\\/news\\/9.jpg\",\"description\":\"\"},{\"img\":\"main\\/news\\/10.jpg\",\"description\":\"\"},{\"img\":\"main\\/news\\/11.jpg\",\"description\":\"\"},{\"img\":\"main\\/news\\/12.jpg\",\"description\":\"\"},{\"img\":\"main\\/news\\/13.jpg\",\"description\":\"\"},{\"img\":\"main\\/news\\/14.jpg\",\"description\":\"\"},{\"img\":\"main\\/news\\/15.jpg\",\"description\":\"\"},{\"img\":\"main\\/news\\/16.jpg\",\"description\":\"\"},{\"img\":\"main\\/news\\/17.jpg\",\"description\":\"\"},{\"img\":\"main\\/news\\/18.jpg\",\"description\":\"\"},{\"img\":\"main\\/news\\/19.jpg\",\"description\":\"\"},{\"img\":\"main\\/news\\/20.jpg\",\"description\":\"\"}]',20,'Botble\\Gallery\\Models\\Gallery','2025-12-24 07:29:05','2025-12-24 07:29:05');
/*!40000 ALTER TABLE `gallery_meta` ENABLE KEYS */;
UNLOCK TABLES;

--
-- Table structure for table `gallery_meta_translations`
--

DROP TABLE IF EXISTS `gallery_meta_translations`;
/*!40101 SET @saved_cs_client     = @@character_set_client */;
/*!50503 SET character_set_client = utf8mb4 */;
CREATE TABLE `gallery_meta_translations` (
  `lang_code` varchar(20) COLLATE utf8mb4_unicode_ci NOT NULL,
  `gallery_meta_id` bigint unsigned NOT NULL,
  `images` text COLLATE utf8mb4_unicode_ci,
  PRIMARY KEY (`lang_code`,`gallery_meta_id`),
  KEY `idx_gallery_meta_trans_gm_id` (`gallery_meta_id`),
  KEY `idx_gallery_meta_trans_gm_lang` (`gallery_meta_id`,`lang_code`)
) ENGINE=InnoDB DEFAULT CHARSET=utf8mb4 COLLATE=utf8mb4_unicode_ci;
/*!40101 SET character_set_client = @saved_cs_client */;

--
-- Dumping data for table `gallery_meta_translations`
--

LOCK TABLES `gallery_meta_translations` WRITE;
/*!40000 ALTER TABLE `gallery_meta_translations` DISABLE KEYS */;
/*!40000 ALTER TABLE `gallery_meta_translations` ENABLE KEYS */;
UNLOCK TABLES;

--
-- Table structure for table `jobs`
--

DROP TABLE IF EXISTS `jobs`;
/*!40101 SET @saved_cs_client     = @@character_set_client */;
/*!50503 SET character_set_client = utf8mb4 */;
CREATE TABLE `jobs` (
  `id` bigint unsigned NOT NULL AUTO_INCREMENT,
  `queue` varchar(191) COLLATE utf8mb4_unicode_ci NOT NULL,
  `payload` longtext COLLATE utf8mb4_unicode_ci NOT NULL,
  `attempts` tinyint unsigned NOT NULL,
  `reserved_at` int unsigned DEFAULT NULL,
  `available_at` int unsigned NOT NULL,
  `created_at` int unsigned NOT NULL,
  PRIMARY KEY (`id`),
  KEY `jobs_queue_index` (`queue`)
) ENGINE=InnoDB DEFAULT CHARSET=utf8mb4 COLLATE=utf8mb4_unicode_ci;
/*!40101 SET character_set_client = @saved_cs_client */;

--
-- Dumping data for table `jobs`
--

LOCK TABLES `jobs` WRITE;
/*!40000 ALTER TABLE `jobs` DISABLE KEYS */;
/*!40000 ALTER TABLE `jobs` ENABLE KEYS */;
UNLOCK TABLES;

--
-- Table structure for table `language_meta`
--

DROP TABLE IF EXISTS `language_meta`;
/*!40101 SET @saved_cs_client     = @@character_set_client */;
/*!50503 SET character_set_client = utf8mb4 */;
CREATE TABLE `language_meta` (
  `lang_meta_id` bigint unsigned NOT NULL AUTO_INCREMENT,
  `lang_meta_code` varchar(20) COLLATE utf8mb4_unicode_ci DEFAULT NULL,
  `lang_meta_origin` varchar(32) COLLATE utf8mb4_unicode_ci NOT NULL,
  `reference_id` bigint unsigned NOT NULL,
  `reference_type` varchar(120) COLLATE utf8mb4_unicode_ci NOT NULL,
  PRIMARY KEY (`lang_meta_id`),
  KEY `language_meta_reference_id_index` (`reference_id`),
  KEY `meta_code_index` (`lang_meta_code`),
  KEY `meta_origin_index` (`lang_meta_origin`),
  KEY `meta_reference_type_index` (`reference_type`)
) ENGINE=InnoDB AUTO_INCREMENT=3 DEFAULT CHARSET=utf8mb4 COLLATE=utf8mb4_unicode_ci;
/*!40101 SET character_set_client = @saved_cs_client */;

--
-- Dumping data for table `language_meta`
--

LOCK TABLES `language_meta` WRITE;
/*!40000 ALTER TABLE `language_meta` DISABLE KEYS */;
INSERT INTO `language_meta` VALUES (1,'en_US','7cc7db39674733fb106de82bee9fea57',1,'Botble\\Menu\\Models\\MenuLocation'),(2,'en_US','54e09338ec509beee36bcfb9962406ea',1,'Botble\\Menu\\Models\\Menu');
/*!40000 ALTER TABLE `language_meta` ENABLE KEYS */;
UNLOCK TABLES;

--
-- Table structure for table `languages`
--

DROP TABLE IF EXISTS `languages`;
/*!40101 SET @saved_cs_client     = @@character_set_client */;
/*!50503 SET character_set_client = utf8mb4 */;
CREATE TABLE `languages` (
  `lang_id` bigint unsigned NOT NULL AUTO_INCREMENT,
  `lang_name` varchar(120) COLLATE utf8mb4_unicode_ci NOT NULL,
  `lang_locale` varchar(20) COLLATE utf8mb4_unicode_ci NOT NULL,
  `lang_code` varchar(20) COLLATE utf8mb4_unicode_ci NOT NULL,
  `lang_flag` varchar(20) COLLATE utf8mb4_unicode_ci DEFAULT NULL,
  `lang_is_default` tinyint unsigned NOT NULL DEFAULT '0',
  `lang_order` int NOT NULL DEFAULT '0',
  `lang_is_rtl` tinyint unsigned NOT NULL DEFAULT '0',
  PRIMARY KEY (`lang_id`),
  KEY `lang_locale_index` (`lang_locale`),
  KEY `lang_code_index` (`lang_code`),
  KEY `lang_is_default_index` (`lang_is_default`)
) ENGINE=InnoDB AUTO_INCREMENT=2 DEFAULT CHARSET=utf8mb4 COLLATE=utf8mb4_unicode_ci;
/*!40101 SET character_set_client = @saved_cs_client */;

--
-- Dumping data for table `languages`
--

LOCK TABLES `languages` WRITE;
/*!40000 ALTER TABLE `languages` DISABLE KEYS */;
INSERT INTO `languages` VALUES (1,'English','en','en_US','us',1,0,0);
/*!40000 ALTER TABLE `languages` ENABLE KEYS */;
UNLOCK TABLES;

--
-- Table structure for table `media_files`
--

DROP TABLE IF EXISTS `media_files`;
/*!40101 SET @saved_cs_client     = @@character_set_client */;
/*!50503 SET character_set_client = utf8mb4 */;
CREATE TABLE `media_files` (
  `id` bigint unsigned NOT NULL AUTO_INCREMENT,
  `user_id` bigint unsigned NOT NULL,
  `name` varchar(191) COLLATE utf8mb4_unicode_ci NOT NULL,
  `alt` varchar(191) COLLATE utf8mb4_unicode_ci DEFAULT NULL,
  `folder_id` bigint unsigned NOT NULL DEFAULT '0',
  `mime_type` varchar(120) COLLATE utf8mb4_unicode_ci NOT NULL,
  `size` int NOT NULL,
  `url` varchar(191) COLLATE utf8mb4_unicode_ci NOT NULL,
  `options` text COLLATE utf8mb4_unicode_ci,
  `created_at` timestamp NULL DEFAULT NULL,
  `updated_at` timestamp NULL DEFAULT NULL,
  `deleted_at` timestamp NULL DEFAULT NULL,
  `visibility` varchar(191) COLLATE utf8mb4_unicode_ci NOT NULL DEFAULT 'public',
  PRIMARY KEY (`id`),
  KEY `media_files_user_id_index` (`user_id`),
  KEY `media_files_index` (`folder_id`,`user_id`,`created_at`)
) ENGINE=InnoDB AUTO_INCREMENT=76 DEFAULT CHARSET=utf8mb4 COLLATE=utf8mb4_unicode_ci;
/*!40101 SET character_set_client = @saved_cs_client */;

--
-- Dumping data for table `media_files`
--

LOCK TABLES `media_files` WRITE;
/*!40000 ALTER TABLE `media_files` DISABLE KEYS */;
INSERT INTO `media_files` VALUES (1,0,'about-1','about-1',2,'image/png',8467,'main/general/about-1.png','[]','2025-12-24 07:28:52','2025-12-24 07:28:52',NULL,'public'),(2,0,'about-2','about-2',2,'image/png',8467,'main/general/about-2.png','[]','2025-12-24 07:28:52','2025-12-24 07:28:52',NULL,'public'),(3,0,'about-video-1','about-video-1',2,'image/png',20777,'main/general/about-video-1.png','[]','2025-12-24 07:28:52','2025-12-24 07:28:52',NULL,'public'),(4,0,'ads-banner','ads-banner',2,'image/png',75705,'main/general/ads-banner.png','[]','2025-12-24 07:28:52','2025-12-24 07:28:52',NULL,'public'),(5,0,'app-downloads','app-downloads',2,'image/png',7092,'main/general/app-downloads.png','[]','2025-12-24 07:28:53','2025-12-24 07:28:53',NULL,'public'),(6,0,'blog-3','blog-3',2,'image/png',5919,'main/general/blog-3.png','[]','2025-12-24 07:28:53','2025-12-24 07:28:53',NULL,'public'),(7,0,'blog-4','blog-4',2,'image/png',5919,'main/general/blog-4.png','[]','2025-12-24 07:28:53','2025-12-24 07:28:53',NULL,'public'),(8,0,'blog-5','blog-5',2,'image/png',8614,'main/general/blog-5.png','[]','2025-12-24 07:28:53','2025-12-24 07:28:53',NULL,'public'),(9,0,'blog-shape-image','blog-shape-image',2,'image/png',1181,'main/general/blog-shape-image.png','[]','2025-12-24 07:28:53','2025-12-24 07:28:53',NULL,'public'),(10,0,'favicon','favicon',2,'image/png',736,'main/general/favicon.png','[]','2025-12-24 07:28:53','2025-12-24 07:28:53',NULL,'public'),(11,0,'logo-dark','logo-dark',2,'image/png',2096,'main/general/logo-dark.png','[]','2025-12-24 07:28:53','2025-12-24 07:28:53',NULL,'public'),(12,0,'logo','logo',2,'image/png',2684,'main/general/logo.png','[]','2025-12-24 07:28:53','2025-12-24 07:28:53',NULL,'public'),(13,0,'newsletter-image','newsletter-image',2,'image/png',21532,'main/general/newsletter-image.png','[]','2025-12-24 07:28:53','2025-12-24 07:28:53',NULL,'public'),(14,0,'newsletter-popup','newsletter-popup',2,'image/png',24175,'main/general/newsletter-popup.png','[]','2025-12-24 07:28:53','2025-12-24 07:28:53',NULL,'public'),(15,0,'signature','signature',2,'image/png',2438,'main/general/signature.png','[]','2025-12-24 07:28:54','2025-12-24 07:28:54',NULL,'public'),(16,0,'1','1',3,'image/png',9803,'main/members/1.png','[]','2025-12-24 07:28:54','2025-12-24 07:28:54',NULL,'public'),(17,0,'2','2',3,'image/png',9803,'main/members/2.png','[]','2025-12-24 07:28:54','2025-12-24 07:28:54',NULL,'public'),(18,0,'3','3',3,'image/png',9803,'main/members/3.png','[]','2025-12-24 07:28:54','2025-12-24 07:28:54',NULL,'public'),(19,0,'4','4',3,'image/png',9803,'main/members/4.png','[]','2025-12-24 07:28:54','2025-12-24 07:28:54',NULL,'public'),(20,0,'5','5',3,'image/png',9803,'main/members/5.png','[]','2025-12-24 07:28:54','2025-12-24 07:28:54',NULL,'public'),(21,0,'6','6',3,'image/png',9803,'main/members/6.png','[]','2025-12-24 07:28:54','2025-12-24 07:28:54',NULL,'public'),(22,0,'7','7',3,'image/png',9803,'main/members/7.png','[]','2025-12-24 07:28:55','2025-12-24 07:28:55',NULL,'public'),(23,0,'8','8',3,'image/png',9803,'main/members/8.png','[]','2025-12-24 07:28:55','2025-12-24 07:28:55',NULL,'public'),(24,0,'1','1',4,'image/jpeg',33268,'main/news/1.jpg','[]','2025-12-24 07:28:56','2025-12-24 07:28:56',NULL,'public'),(25,0,'10','10',4,'image/jpeg',33268,'main/news/10.jpg','[]','2025-12-24 07:28:57','2025-12-24 07:28:57',NULL,'public'),(26,0,'11','11',4,'image/jpeg',33268,'main/news/11.jpg','[]','2025-12-24 07:28:57','2025-12-24 07:28:57',NULL,'public'),(27,0,'12','12',4,'image/jpeg',33268,'main/news/12.jpg','[]','2025-12-24 07:28:57','2025-12-24 07:28:57',NULL,'public'),(28,0,'13','13',4,'image/jpeg',33268,'main/news/13.jpg','[]','2025-12-24 07:28:57','2025-12-24 07:28:57',NULL,'public'),(29,0,'14','14',4,'image/jpeg',33268,'main/news/14.jpg','[]','2025-12-24 07:28:57','2025-12-24 07:28:57',NULL,'public'),(30,0,'15','15',4,'image/jpeg',33268,'main/news/15.jpg','[]','2025-12-24 07:28:58','2025-12-24 07:28:58',NULL,'public'),(31,0,'16','16',4,'image/jpeg',33268,'main/news/16.jpg','[]','2025-12-24 07:28:58','2025-12-24 07:28:58',NULL,'public'),(32,0,'17','17',4,'image/jpeg',33268,'main/news/17.jpg','[]','2025-12-24 07:28:58','2025-12-24 07:28:58',NULL,'public'),(33,0,'18','18',4,'image/jpeg',33268,'main/news/18.jpg','[]','2025-12-24 07:28:58','2025-12-24 07:28:58',NULL,'public'),(34,0,'19','19',4,'image/jpeg',33268,'main/news/19.jpg','[]','2025-12-24 07:28:58','2025-12-24 07:28:58',NULL,'public'),(35,0,'2','2',4,'image/jpeg',33268,'main/news/2.jpg','[]','2025-12-24 07:28:59','2025-12-24 07:28:59',NULL,'public'),(36,0,'20','20',4,'image/jpeg',33268,'main/news/20.jpg','[]','2025-12-24 07:28:59','2025-12-24 07:28:59',NULL,'public'),(37,0,'3','3',4,'image/jpeg',33268,'main/news/3.jpg','[]','2025-12-24 07:28:59','2025-12-24 07:28:59',NULL,'public'),(38,0,'4','4',4,'image/jpeg',33268,'main/news/4.jpg','[]','2025-12-24 07:28:59','2025-12-24 07:28:59',NULL,'public'),(39,0,'5','5',4,'image/jpeg',33268,'main/news/5.jpg','[]','2025-12-24 07:29:00','2025-12-24 07:29:00',NULL,'public'),(40,0,'6','6',4,'image/jpeg',33268,'main/news/6.jpg','[]','2025-12-24 07:29:00','2025-12-24 07:29:00',NULL,'public'),(41,0,'7','7',4,'image/jpeg',33268,'main/news/7.jpg','[]','2025-12-24 07:29:00','2025-12-24 07:29:00',NULL,'public'),(42,0,'8','8',4,'image/jpeg',33268,'main/news/8.jpg','[]','2025-12-24 07:29:00','2025-12-24 07:29:00',NULL,'public'),(43,0,'9','9',4,'image/jpeg',33268,'main/news/9.jpg','[]','2025-12-24 07:29:00','2025-12-24 07:29:00',NULL,'public'),(44,0,'audio','audio',5,'audio/mpeg',239584,'main/audio/audio.mp3','[]','2025-12-24 07:29:01','2025-12-24 07:29:01',NULL,'public'),(45,0,'1','1',7,'image/jpeg',33268,'ai/news/1.jpg','[]','2025-12-24 07:29:01','2025-12-24 07:29:01',NULL,'public'),(46,0,'10','10',7,'image/jpeg',33268,'ai/news/10.jpg','[]','2025-12-24 07:29:01','2025-12-24 07:29:01',NULL,'public'),(47,0,'11','11',7,'image/jpeg',33268,'ai/news/11.jpg','[]','2025-12-24 07:29:01','2025-12-24 07:29:01',NULL,'public'),(48,0,'12','12',7,'image/jpeg',33268,'ai/news/12.jpg','[]','2025-12-24 07:29:01','2025-12-24 07:29:01',NULL,'public'),(49,0,'13','13',7,'image/jpeg',33268,'ai/news/13.jpg','[]','2025-12-24 07:29:01','2025-12-24 07:29:01',NULL,'public'),(50,0,'14','14',7,'image/jpeg',33268,'ai/news/14.jpg','[]','2025-12-24 07:29:02','2025-12-24 07:29:02',NULL,'public'),(51,0,'15','15',7,'image/jpeg',33268,'ai/news/15.jpg','[]','2025-12-24 07:29:02','2025-12-24 07:29:02',NULL,'public'),(52,0,'16','16',7,'image/jpeg',33268,'ai/news/16.jpg','[]','2025-12-24 07:29:02','2025-12-24 07:29:02',NULL,'public'),(53,0,'17','17',7,'image/jpeg',33268,'ai/news/17.jpg','[]','2025-12-24 07:29:02','2025-12-24 07:29:02',NULL,'public'),(54,0,'18','18',7,'image/jpeg',33268,'ai/news/18.jpg','[]','2025-12-24 07:29:03','2025-12-24 07:29:03',NULL,'public'),(55,0,'19','19',7,'image/jpeg',33268,'ai/news/19.jpg','[]','2025-12-24 07:29:03','2025-12-24 07:29:03',NULL,'public'),(56,0,'2','2',7,'image/jpeg',33268,'ai/news/2.jpg','[]','2025-12-24 07:29:03','2025-12-24 07:29:03',NULL,'public'),(57,0,'20','20',7,'image/jpeg',33268,'ai/news/20.jpg','[]','2025-12-24 07:29:03','2025-12-24 07:29:03',NULL,'public'),(58,0,'3','3',7,'image/jpeg',33268,'ai/news/3.jpg','[]','2025-12-24 07:29:03','2025-12-24 07:29:03',NULL,'public'),(59,0,'4','4',7,'image/jpeg',33268,'ai/news/4.jpg','[]','2025-12-24 07:29:04','2025-12-24 07:29:04',NULL,'public'),(60,0,'5','5',7,'image/jpeg',33268,'ai/news/5.jpg','[]','2025-12-24 07:29:04','2025-12-24 07:29:04',NULL,'public'),(61,0,'6','6',7,'image/jpeg',33268,'ai/news/6.jpg','[]','2025-12-24 07:29:04','2025-12-24 07:29:04',NULL,'public'),(62,0,'7','7',7,'image/jpeg',33268,'ai/news/7.jpg','[]','2025-12-24 07:29:04','2025-12-24 07:29:04',NULL,'public'),(63,0,'8','8',7,'image/jpeg',33268,'ai/news/8.jpg','[]','2025-12-24 07:29:04','2025-12-24 07:29:04',NULL,'public'),(64,0,'9','9',7,'image/jpeg',33268,'ai/news/9.jpg','[]','2025-12-24 07:29:05','2025-12-24 07:29:05',NULL,'public'),(65,0,'favicon','favicon',8,'image/png',2176,'ai/general/favicon.png','[]','2025-12-24 07:29:05','2025-12-24 07:29:05',NULL,'public'),(66,0,'logo-dark','logo-dark',8,'image/png',2019,'ai/general/logo-dark.png','[]','2025-12-24 07:29:05','2025-12-24 07:29:05',NULL,'public'),(67,0,'logo','logo',8,'image/png',2653,'ai/general/logo.png','[]','2025-12-24 07:29:05','2025-12-24 07:29:05',NULL,'public'),(68,0,'breadcrumb','breadcrumb',9,'image/png',109184,'main/backgrounds/breadcrumb.png','[]','2025-12-24 07:29:05','2025-12-24 07:29:05',NULL,'public'),(69,0,'newsletter-bg','newsletter-bg',9,'image/png',15423,'main/backgrounds/newsletter-bg.png','[]','2025-12-24 07:29:05','2025-12-24 07:29:05',NULL,'public'),(70,0,'1','1',10,'image/png',1455,'main/blog-categories/1.png','[]','2025-12-24 07:29:06','2025-12-24 07:29:06',NULL,'public'),(71,0,'2','2',10,'image/png',1455,'main/blog-categories/2.png','[]','2025-12-24 07:29:06','2025-12-24 07:29:06',NULL,'public'),(72,0,'3','3',10,'image/png',1455,'main/blog-categories/3.png','[]','2025-12-24 07:29:06','2025-12-24 07:29:06',NULL,'public'),(73,0,'4','4',10,'image/png',1455,'main/blog-categories/4.png','[]','2025-12-24 07:29:06','2025-12-24 07:29:06',NULL,'public'),(74,0,'5','5',10,'image/png',1455,'main/blog-categories/5.png','[]','2025-12-24 07:29:06','2025-12-24 07:29:06',NULL,'public'),(75,0,'breaking-news-icon','breaking-news-icon',11,'image/png',1116,'main/icons/breaking-news-icon.png','[]','2025-12-24 07:29:06','2025-12-24 07:29:06',NULL,'public');
/*!40000 ALTER TABLE `media_files` ENABLE KEYS */;
UNLOCK TABLES;

--
-- Table structure for table `media_folders`
--

DROP TABLE IF EXISTS `media_folders`;
/*!40101 SET @saved_cs_client     = @@character_set_client */;
/*!50503 SET character_set_client = utf8mb4 */;
CREATE TABLE `media_folders` (
  `id` bigint unsigned NOT NULL AUTO_INCREMENT,
  `user_id` bigint unsigned NOT NULL,
  `name` varchar(191) COLLATE utf8mb4_unicode_ci DEFAULT NULL,
  `color` varchar(191) COLLATE utf8mb4_unicode_ci DEFAULT NULL,
  `slug` varchar(191) COLLATE utf8mb4_unicode_ci DEFAULT NULL,
  `parent_id` bigint unsigned NOT NULL DEFAULT '0',
  `created_at` timestamp NULL DEFAULT NULL,
  `updated_at` timestamp NULL DEFAULT NULL,
  `deleted_at` timestamp NULL DEFAULT NULL,
  PRIMARY KEY (`id`),
  KEY `media_folders_user_id_index` (`user_id`),
  KEY `media_folders_index` (`parent_id`,`user_id`,`created_at`)
) ENGINE=InnoDB AUTO_INCREMENT=12 DEFAULT CHARSET=utf8mb4 COLLATE=utf8mb4_unicode_ci;
/*!40101 SET character_set_client = @saved_cs_client */;

--
-- Dumping data for table `media_folders`
--

LOCK TABLES `media_folders` WRITE;
/*!40000 ALTER TABLE `media_folders` DISABLE KEYS */;
INSERT INTO `media_folders` VALUES (1,0,'main',NULL,'main',0,'2025-12-24 07:28:52','2025-12-24 07:28:52',NULL),(2,0,'general',NULL,'general',1,'2025-12-24 07:28:52','2025-12-24 07:28:52',NULL),(3,0,'members',NULL,'members',1,'2025-12-24 07:28:54','2025-12-24 07:28:54',NULL),(4,0,'news',NULL,'news',1,'2025-12-24 07:28:56','2025-12-24 07:28:56',NULL),(5,0,'audio',NULL,'audio',1,'2025-12-24 07:29:01','2025-12-24 07:29:01',NULL),(6,0,'ai',NULL,'ai',0,'2025-12-24 07:29:01','2025-12-24 07:29:01',NULL),(7,0,'news',NULL,'news',6,'2025-12-24 07:29:01','2025-12-24 07:29:01',NULL),(8,0,'general',NULL,'general',6,'2025-12-24 07:29:05','2025-12-24 07:29:05',NULL),(9,0,'backgrounds',NULL,'backgrounds',1,'2025-12-24 07:29:05','2025-12-24 07:29:05',NULL),(10,0,'blog-categories',NULL,'blog-categories',1,'2025-12-24 07:29:06','2025-12-24 07:29:06',NULL),(11,0,'icons',NULL,'icons',1,'2025-12-24 07:29:06','2025-12-24 07:29:06',NULL);
/*!40000 ALTER TABLE `media_folders` ENABLE KEYS */;
UNLOCK TABLES;

--
-- Table structure for table `media_settings`
--

DROP TABLE IF EXISTS `media_settings`;
/*!40101 SET @saved_cs_client     = @@character_set_client */;
/*!50503 SET character_set_client = utf8mb4 */;
CREATE TABLE `media_settings` (
  `id` bigint unsigned NOT NULL AUTO_INCREMENT,
  `key` varchar(120) COLLATE utf8mb4_unicode_ci NOT NULL,
  `value` text COLLATE utf8mb4_unicode_ci,
  `media_id` bigint unsigned DEFAULT NULL,
  `user_id` bigint unsigned DEFAULT NULL,
  `created_at` timestamp NULL DEFAULT NULL,
  `updated_at` timestamp NULL DEFAULT NULL,
  PRIMARY KEY (`id`)
) ENGINE=InnoDB DEFAULT CHARSET=utf8mb4 COLLATE=utf8mb4_unicode_ci;
/*!40101 SET character_set_client = @saved_cs_client */;

--
-- Dumping data for table `media_settings`
--

LOCK TABLES `media_settings` WRITE;
/*!40000 ALTER TABLE `media_settings` DISABLE KEYS */;
/*!40000 ALTER TABLE `media_settings` ENABLE KEYS */;
UNLOCK TABLES;

--
-- Table structure for table `member_activity_logs`
--

DROP TABLE IF EXISTS `member_activity_logs`;
/*!40101 SET @saved_cs_client     = @@character_set_client */;
/*!50503 SET character_set_client = utf8mb4 */;
CREATE TABLE `member_activity_logs` (
  `id` bigint unsigned NOT NULL AUTO_INCREMENT,
  `action` varchar(120) COLLATE utf8mb4_unicode_ci NOT NULL,
  `user_agent` text COLLATE utf8mb4_unicode_ci,
  `reference_url` varchar(191) COLLATE utf8mb4_unicode_ci DEFAULT NULL,
  `reference_name` varchar(191) COLLATE utf8mb4_unicode_ci DEFAULT NULL,
  `ip_address` varchar(45) COLLATE utf8mb4_unicode_ci DEFAULT NULL,
  `member_id` bigint unsigned NOT NULL,
  `created_at` timestamp NULL DEFAULT NULL,
  `updated_at` timestamp NULL DEFAULT NULL,
  PRIMARY KEY (`id`),
  KEY `member_activity_logs_member_id_index` (`member_id`)
) ENGINE=InnoDB DEFAULT CHARSET=utf8mb4 COLLATE=utf8mb4_unicode_ci;
/*!40101 SET character_set_client = @saved_cs_client */;

--
-- Dumping data for table `member_activity_logs`
--

LOCK TABLES `member_activity_logs` WRITE;
/*!40000 ALTER TABLE `member_activity_logs` DISABLE KEYS */;
/*!40000 ALTER TABLE `member_activity_logs` ENABLE KEYS */;
UNLOCK TABLES;

--
-- Table structure for table `member_password_resets`
--

DROP TABLE IF EXISTS `member_password_resets`;
/*!40101 SET @saved_cs_client     = @@character_set_client */;
/*!50503 SET character_set_client = utf8mb4 */;
CREATE TABLE `member_password_resets` (
  `email` varchar(191) COLLATE utf8mb4_unicode_ci NOT NULL,
  `token` varchar(191) COLLATE utf8mb4_unicode_ci NOT NULL,
  `created_at` timestamp NULL DEFAULT NULL,
  KEY `member_password_resets_email_index` (`email`),
  KEY `member_password_resets_token_index` (`token`)
) ENGINE=InnoDB DEFAULT CHARSET=utf8mb4 COLLATE=utf8mb4_unicode_ci;
/*!40101 SET character_set_client = @saved_cs_client */;

--
-- Dumping data for table `member_password_resets`
--

LOCK TABLES `member_password_resets` WRITE;
/*!40000 ALTER TABLE `member_password_resets` DISABLE KEYS */;
/*!40000 ALTER TABLE `member_password_resets` ENABLE KEYS */;
UNLOCK TABLES;

--
-- Table structure for table `members`
--

DROP TABLE IF EXISTS `members`;
/*!40101 SET @saved_cs_client     = @@character_set_client */;
/*!50503 SET character_set_client = utf8mb4 */;
CREATE TABLE `members` (
  `id` bigint unsigned NOT NULL AUTO_INCREMENT,
  `first_name` varchar(120) COLLATE utf8mb4_unicode_ci NOT NULL,
  `last_name` varchar(120) COLLATE utf8mb4_unicode_ci NOT NULL,
  `description` text COLLATE utf8mb4_unicode_ci,
  `gender` varchar(20) COLLATE utf8mb4_unicode_ci DEFAULT NULL,
  `email` varchar(191) COLLATE utf8mb4_unicode_ci NOT NULL,
  `password` varchar(191) COLLATE utf8mb4_unicode_ci NOT NULL,
  `avatar_id` bigint unsigned DEFAULT NULL,
  `dob` date DEFAULT NULL,
  `phone` varchar(25) COLLATE utf8mb4_unicode_ci DEFAULT NULL,
  `confirmed_at` datetime DEFAULT NULL,
  `email_verify_token` varchar(120) COLLATE utf8mb4_unicode_ci DEFAULT NULL,
  `remember_token` varchar(100) COLLATE utf8mb4_unicode_ci DEFAULT NULL,
  `created_at` timestamp NULL DEFAULT NULL,
  `updated_at` timestamp NULL DEFAULT NULL,
  `status` varchar(60) COLLATE utf8mb4_unicode_ci NOT NULL DEFAULT 'published',
  PRIMARY KEY (`id`),
  UNIQUE KEY `members_email_unique` (`email`)
) ENGINE=InnoDB AUTO_INCREMENT=9 DEFAULT CHARSET=utf8mb4 COLLATE=utf8mb4_unicode_ci;
/*!40101 SET character_set_client = @saved_cs_client */;

--
-- Dumping data for table `members`
--

LOCK TABLES `members` WRITE;
/*!40000 ALTER TABLE `members` DISABLE KEYS */;
INSERT INTO `members` VALUES (1,'John','Smith','Latin Grammar, \'A mouse--of.',NULL,'member@archielite.com','$2y$12$8hnGA03u7JfPWjLjMZhBhO1Jhq3SG6tfnPiIW2cHuj9jiPSPqjb6i',16,'1998-07-16','1-740-819-1874','2025-12-24 14:28:55',NULL,NULL,'2025-12-24 07:28:55','2025-12-24 07:28:55','published'),(2,'Rowena','Schmitt','Hi, I’m Rowena Schmitt, Your Blogging Journey Guide 🖋️. Writing, one blog post at a time, to inspire, inform, and ignite your curiosity. Join me as we explore the world through words and embark on a limitless adventure of knowledge and creativity. Let’s bring your thoughts to life on these digital pages. 🌟 #BloggingAdventures',NULL,'gregg09@robel.com','$2y$12$Pl9.iBoKTTdueI14O1eadePfueLQzRul0UH97MU/D5FnF9eI.qIeG',17,'1995-11-24','678-246-9736','2025-12-24 14:28:55',NULL,NULL,'2025-12-24 07:28:55','2025-12-24 07:28:55','published'),(3,'Kody','Goldner','Hi, I’m Kody Goldner, Your Blogging Journey Guide 🖋️. Writing, one blog post at a time, to inspire, inform, and ignite your curiosity. Join me as we explore the world through words and embark on a limitless adventure of knowledge and creativity. Let’s bring your thoughts to life on these digital pages. 🌟 #BloggingAdventures',NULL,'glenda.bayer@heidenreich.biz','$2y$12$K3UFswJ0yWR/T9z9Nf2EIuXOISI7FKoLHNrGkQnQ9n6sE.CtLBRWm',18,'2011-04-14','+1 (463) 283-5178','2025-12-24 14:28:55',NULL,NULL,'2025-12-24 07:28:55','2025-12-24 07:28:55','published'),(4,'Myra','Rohan','Hi, I’m Myra Rohan, Your Blogging Journey Guide 🖋️. Writing, one blog post at a time, to inspire, inform, and ignite your curiosity. Join me as we explore the world through words and embark on a limitless adventure of knowledge and creativity. Let’s bring your thoughts to life on these digital pages. 🌟 #BloggingAdventures',NULL,'lenny73@hotmail.com','$2y$12$e.s1L.89DMbxmNKCFAnE7uJ9hLrjZcKiwu83Fn0gqu/gNr6KGu6wW',19,'1999-07-21','1-985-961-3162','2025-12-24 14:28:55',NULL,NULL,'2025-12-24 07:28:56','2025-12-24 07:28:56','published'),(5,'Charity','Ondricka','Hi, I’m Charity Ondricka, Your Blogging Journey Guide 🖋️. Writing, one blog post at a time, to inspire, inform, and ignite your curiosity. Join me as we explore the world through words and embark on a limitless adventure of knowledge and creativity. Let’s bring your thoughts to life on these digital pages. 🌟 #BloggingAdventures',NULL,'tgoyette@gmail.com','$2y$12$dN9HK5EHIwPxeuT6Kjlygu6/kc8ANJVO7NGrYh61AQRrtHm48tWsu',20,'1973-10-24','930-899-2581','2025-12-24 14:28:55',NULL,NULL,'2025-12-24 07:28:56','2025-12-24 07:28:56','published'),(6,'Oma','Vandervort','Hi, I’m Oma Vandervort, Your Blogging Journey Guide 🖋️. Writing, one blog post at a time, to inspire, inform, and ignite your curiosity. Join me as we explore the world through words and embark on a limitless adventure of knowledge and creativity. Let’s bring your thoughts to life on these digital pages. 🌟 #BloggingAdventures',NULL,'twatsica@yahoo.com','$2y$12$3LcdWv0t0gwHOs1ykYCLjuVRTxCeD7kSboE5YkAUEZGL1FKl1zq6K',21,'2023-10-26','1-310-767-1541','2025-12-24 14:28:55',NULL,NULL,'2025-12-24 07:28:56','2025-12-24 07:28:56','published'),(7,'Gaylord','Wuckert','Hi, I’m Gaylord Wuckert, Your Blogging Journey Guide 🖋️. Writing, one blog post at a time, to inspire, inform, and ignite your curiosity. Join me as we explore the world through words and embark on a limitless adventure of knowledge and creativity. Let’s bring your thoughts to life on these digital pages. 🌟 #BloggingAdventures',NULL,'sylvan.schuppe@ziemann.com','$2y$12$km1jvo3y/tlkRcWLb.ap8ODpytSmBk3ET9oVBotOyMhynjgg3BSNu',22,'1996-01-28','(445) 541-5684','2025-12-24 14:28:55',NULL,NULL,'2025-12-24 07:28:56','2025-12-24 07:28:56','published'),(8,'Malinda','Franecki','Hi, I’m Malinda Franecki, Your Blogging Journey Guide 🖋️. Writing, one blog post at a time, to inspire, inform, and ignite your curiosity. Join me as we explore the world through words and embark on a limitless adventure of knowledge and creativity. Let’s bring your thoughts to life on these digital pages. 🌟 #BloggingAdventures',NULL,'nhoeger@dietrich.net','$2y$12$3aJZBMplZOvuKby8i8Lv7u4KuxLH1.DG6g13iY9SyEmQKT.nZa6Ha',23,'2021-11-27','484.416.7009','2025-12-24 14:28:55',NULL,NULL,'2025-12-24 07:28:56','2025-12-24 07:28:56','published');
/*!40000 ALTER TABLE `members` ENABLE KEYS */;
UNLOCK TABLES;

--
-- Table structure for table `menu_locations`
--

DROP TABLE IF EXISTS `menu_locations`;
/*!40101 SET @saved_cs_client     = @@character_set_client */;
/*!50503 SET character_set_client = utf8mb4 */;
CREATE TABLE `menu_locations` (
  `id` bigint unsigned NOT NULL AUTO_INCREMENT,
  `menu_id` bigint unsigned NOT NULL,
  `location` varchar(191) COLLATE utf8mb4_unicode_ci NOT NULL,
  `created_at` timestamp NULL DEFAULT NULL,
  `updated_at` timestamp NULL DEFAULT NULL,
  PRIMARY KEY (`id`),
  KEY `menu_locations_menu_id_created_at_index` (`menu_id`,`created_at`)
) ENGINE=InnoDB AUTO_INCREMENT=2 DEFAULT CHARSET=utf8mb4 COLLATE=utf8mb4_unicode_ci;
/*!40101 SET character_set_client = @saved_cs_client */;

--
-- Dumping data for table `menu_locations`
--

LOCK TABLES `menu_locations` WRITE;
/*!40000 ALTER TABLE `menu_locations` DISABLE KEYS */;
INSERT INTO `menu_locations` VALUES (1,1,'main-menu','2025-12-24 07:29:06','2025-12-24 07:29:06');
/*!40000 ALTER TABLE `menu_locations` ENABLE KEYS */;
UNLOCK TABLES;

--
-- Table structure for table `menu_nodes`
--

DROP TABLE IF EXISTS `menu_nodes`;
/*!40101 SET @saved_cs_client     = @@character_set_client */;
/*!50503 SET character_set_client = utf8mb4 */;
CREATE TABLE `menu_nodes` (
  `id` bigint unsigned NOT NULL AUTO_INCREMENT,
  `menu_id` bigint unsigned NOT NULL,
  `parent_id` bigint unsigned NOT NULL DEFAULT '0',
  `reference_id` bigint unsigned DEFAULT NULL,
  `reference_type` varchar(191) COLLATE utf8mb4_unicode_ci DEFAULT NULL,
  `url` varchar(191) COLLATE utf8mb4_unicode_ci DEFAULT NULL,
  `icon_font` varchar(191) COLLATE utf8mb4_unicode_ci DEFAULT NULL,
  `position` tinyint unsigned NOT NULL DEFAULT '0',
  `title` varchar(191) COLLATE utf8mb4_unicode_ci DEFAULT NULL,
  `css_class` varchar(191) COLLATE utf8mb4_unicode_ci DEFAULT NULL,
  `target` varchar(20) COLLATE utf8mb4_unicode_ci NOT NULL DEFAULT '_self',
  `has_child` tinyint unsigned NOT NULL DEFAULT '0',
  `created_at` timestamp NULL DEFAULT NULL,
  `updated_at` timestamp NULL DEFAULT NULL,
  PRIMARY KEY (`id`),
  KEY `menu_nodes_menu_id_index` (`menu_id`),
  KEY `menu_nodes_parent_id_index` (`parent_id`),
  KEY `reference_id` (`reference_id`),
  KEY `reference_type` (`reference_type`)
) ENGINE=InnoDB AUTO_INCREMENT=24 DEFAULT CHARSET=utf8mb4 COLLATE=utf8mb4_unicode_ci;
/*!40101 SET character_set_client = @saved_cs_client */;

--
-- Dumping data for table `menu_nodes`
--

LOCK TABLES `menu_nodes` WRITE;
/*!40000 ALTER TABLE `menu_nodes` DISABLE KEYS */;
INSERT INTO `menu_nodes` VALUES (1,1,0,NULL,NULL,'/',NULL,0,'Home',NULL,'_self',1,'2025-12-24 07:29:06','2025-12-24 07:29:06'),(2,1,1,NULL,NULL,'https://echo-sports.archielite.com',NULL,0,'Home Sports',NULL,'_self',0,'2025-12-24 07:29:06','2025-12-24 07:29:06'),(3,1,1,NULL,NULL,'https://echo-travel.archielite.com',NULL,1,'Home Travel',NULL,'_self',0,'2025-12-24 07:29:06','2025-12-24 07:29:06'),(4,1,1,NULL,NULL,'https://echo-ai.archielite.com',NULL,2,'Home AI',NULL,'_self',0,'2025-12-24 07:29:06','2025-12-24 07:29:06'),(5,1,1,NULL,NULL,'https://echo-politics.archielite.com',NULL,3,'Home Politics',NULL,'_self',0,'2025-12-24 07:29:06','2025-12-24 07:29:06'),(6,1,1,NULL,NULL,'https://echo-food.archielite.com',NULL,4,'Home Food',NULL,'_self',0,'2025-12-24 07:29:06','2025-12-24 07:29:06'),(7,1,1,NULL,NULL,'https://echo-photography.archielite.com',NULL,5,'Home Photography',NULL,'_self',0,'2025-12-24 07:29:06','2025-12-24 07:29:06'),(8,1,1,NULL,NULL,'https://echo.archielite.com',NULL,6,'Home News',NULL,'_self',0,'2025-12-24 07:29:06','2025-12-24 07:29:06'),(9,1,1,NULL,NULL,'https://echo-fashion.archielite.com',NULL,7,'Home Fashion',NULL,'_self',0,'2025-12-24 07:29:06','2025-12-24 07:29:06'),(10,1,1,NULL,NULL,'https://echo-technology.archielite.com',NULL,8,'Home Technology',NULL,'_self',0,'2025-12-24 07:29:06','2025-12-24 07:29:06'),(11,1,1,NULL,NULL,'https://echo-gaming.archielite.com',NULL,9,'Home Gaming',NULL,'_self',0,'2025-12-24 07:29:06','2025-12-24 07:29:06'),(12,1,0,NULL,NULL,'/',NULL,1,'Pages',NULL,'_self',1,'2025-12-24 07:29:06','2025-12-24 07:29:06'),(13,1,12,NULL,NULL,'/about-us',NULL,0,'About',NULL,'_self',0,'2025-12-24 07:29:06','2025-12-24 07:29:06'),(14,1,12,NULL,NULL,'/author/smith',NULL,1,'Author',NULL,'_self',0,'2025-12-24 07:29:06','2025-12-24 07:29:06'),(15,1,12,NULL,NULL,'/team',NULL,2,'Team',NULL,'_self',0,'2025-12-24 07:29:06','2025-12-24 07:29:06'),(16,1,12,NULL,NULL,'/error-page',NULL,3,'Error Page',NULL,'_self',0,'2025-12-24 07:29:06','2025-12-24 07:29:06'),(17,1,0,NULL,NULL,'/blog',NULL,2,'Blog',NULL,'_self',1,'2025-12-24 07:29:06','2025-12-24 07:29:06'),(18,1,17,NULL,NULL,'/blog?style=card',NULL,0,'Blog Card',NULL,'_self',0,'2025-12-24 07:29:06','2025-12-24 07:29:06'),(19,1,17,NULL,NULL,'/blog?style=list',NULL,1,'Blog List',NULL,'_self',0,'2025-12-24 07:29:06','2025-12-24 07:29:06'),(20,1,17,NULL,NULL,'/blog?style=grid',NULL,2,'Blog Grid',NULL,'_self',0,'2025-12-24 07:29:06','2025-12-24 07:29:06'),(21,1,17,NULL,NULL,'/blog?style=mixed',NULL,3,'Blog Mixed',NULL,'_self',0,'2025-12-24 07:29:06','2025-12-24 07:29:06'),(22,1,0,1,'Botble\\Blog\\Models\\Post','/blog/understanding-neural-networks',NULL,3,'Post',NULL,'_self',0,'2025-12-24 07:29:06','2025-12-24 07:29:06'),(23,1,0,NULL,NULL,'contact',NULL,4,'Contact',NULL,'_self',0,'2025-12-24 07:29:06','2025-12-24 07:29:06');
/*!40000 ALTER TABLE `menu_nodes` ENABLE KEYS */;
UNLOCK TABLES;

--
-- Table structure for table `menus`
--

DROP TABLE IF EXISTS `menus`;
/*!40101 SET @saved_cs_client     = @@character_set_client */;
/*!50503 SET character_set_client = utf8mb4 */;
CREATE TABLE `menus` (
  `id` bigint unsigned NOT NULL AUTO_INCREMENT,
  `name` varchar(120) COLLATE utf8mb4_unicode_ci NOT NULL,
  `slug` varchar(120) COLLATE utf8mb4_unicode_ci DEFAULT NULL,
  `status` varchar(60) COLLATE utf8mb4_unicode_ci NOT NULL DEFAULT 'published',
  `created_at` timestamp NULL DEFAULT NULL,
  `updated_at` timestamp NULL DEFAULT NULL,
  PRIMARY KEY (`id`),
  UNIQUE KEY `menus_slug_unique` (`slug`)
) ENGINE=InnoDB AUTO_INCREMENT=2 DEFAULT CHARSET=utf8mb4 COLLATE=utf8mb4_unicode_ci;
/*!40101 SET character_set_client = @saved_cs_client */;

--
-- Dumping data for table `menus`
--

LOCK TABLES `menus` WRITE;
/*!40000 ALTER TABLE `menus` DISABLE KEYS */;
INSERT INTO `menus` VALUES (1,'Main menu','main-menu','published','2025-12-24 07:29:06','2025-12-24 07:29:06');
/*!40000 ALTER TABLE `menus` ENABLE KEYS */;
UNLOCK TABLES;

--
-- Table structure for table `meta_boxes`
--

DROP TABLE IF EXISTS `meta_boxes`;
/*!40101 SET @saved_cs_client     = @@character_set_client */;
/*!50503 SET character_set_client = utf8mb4 */;
CREATE TABLE `meta_boxes` (
  `id` bigint unsigned NOT NULL AUTO_INCREMENT,
  `meta_key` varchar(191) COLLATE utf8mb4_unicode_ci NOT NULL,
  `meta_value` text COLLATE utf8mb4_unicode_ci,
  `reference_id` bigint unsigned NOT NULL,
  `reference_type` varchar(120) COLLATE utf8mb4_unicode_ci NOT NULL,
  `created_at` timestamp NULL DEFAULT NULL,
  `updated_at` timestamp NULL DEFAULT NULL,
  PRIMARY KEY (`id`),
  KEY `meta_boxes_reference_id_index` (`reference_id`)
) ENGINE=InnoDB AUTO_INCREMENT=34 DEFAULT CHARSET=utf8mb4 COLLATE=utf8mb4_unicode_ci;
/*!40101 SET character_set_client = @saved_cs_client */;

--
-- Dumping data for table `meta_boxes`
--

LOCK TABLES `meta_boxes` WRITE;
/*!40000 ALTER TABLE `meta_boxes` DISABLE KEYS */;
INSERT INTO `meta_boxes` VALUES (1,'title','[\"Sr. Manager\"]',1,'Botble\\Member\\Models\\Member','2025-12-24 07:28:55','2025-12-24 07:28:55'),(2,'social_links','[[[{\"key\":\"name\",\"value\":\"Facebook\"},{\"key\":\"icon\",\"value\":\"ti ti-brand-facebook\"},{\"key\":\"url\",\"value\":\"https:\\/\\/www.facebook.com\\/\"}],[{\"key\":\"name\",\"value\":\"Instagram\"},{\"key\":\"icon\",\"value\":\"ti ti-brand-instagram\"},{\"key\":\"url\",\"value\":\"https:\\/\\/www.instagram.com\\/\"}],[{\"key\":\"name\",\"value\":\"Twitter\"},{\"key\":\"icon\",\"value\":\"ti ti-brand-x\"},{\"key\":\"url\",\"value\":\"https:\\/\\/www.twitter.com\\/\"}],[{\"key\":\"name\",\"value\":\"YouTube\"},{\"key\":\"icon\",\"value\":\"ti ti-brand-youtube\"},{\"key\":\"url\",\"value\":\"https:\\/\\/www.youtube.com\\/\"}],[{\"key\":\"name\",\"value\":\"Pinterest\"},{\"key\":\"icon\",\"value\":\"ti ti-brand-pinterest\"},{\"key\":\"url\",\"value\":\"https:\\/\\/www.pinterest.com\\/\"}]]]',1,'Botble\\Member\\Models\\Member','2025-12-24 07:28:55','2025-12-24 07:28:55'),(3,'title','[\"Chef Marketing Officer\"]',2,'Botble\\Member\\Models\\Member','2025-12-24 07:28:55','2025-12-24 07:28:55'),(4,'social_links','[[[{\"key\":\"name\",\"value\":\"Facebook\"},{\"key\":\"icon\",\"value\":\"ti ti-brand-facebook\"},{\"key\":\"url\",\"value\":\"https:\\/\\/www.facebook.com\\/\"}],[{\"key\":\"name\",\"value\":\"Instagram\"},{\"key\":\"icon\",\"value\":\"ti ti-brand-instagram\"},{\"key\":\"url\",\"value\":\"https:\\/\\/www.instagram.com\\/\"}],[{\"key\":\"name\",\"value\":\"Twitter\"},{\"key\":\"icon\",\"value\":\"ti ti-brand-x\"},{\"key\":\"url\",\"value\":\"https:\\/\\/www.twitter.com\\/\"}],[{\"key\":\"name\",\"value\":\"YouTube\"},{\"key\":\"icon\",\"value\":\"ti ti-brand-youtube\"},{\"key\":\"url\",\"value\":\"https:\\/\\/www.youtube.com\\/\"}],[{\"key\":\"name\",\"value\":\"Pinterest\"},{\"key\":\"icon\",\"value\":\"ti ti-brand-pinterest\"},{\"key\":\"url\",\"value\":\"https:\\/\\/www.pinterest.com\\/\"}]]]',2,'Botble\\Member\\Models\\Member','2025-12-24 07:28:55','2025-12-24 07:28:55'),(5,'title','[\"Creative Director\"]',3,'Botble\\Member\\Models\\Member','2025-12-24 07:28:55','2025-12-24 07:28:55'),(6,'social_links','[[[{\"key\":\"name\",\"value\":\"Facebook\"},{\"key\":\"icon\",\"value\":\"ti ti-brand-facebook\"},{\"key\":\"url\",\"value\":\"https:\\/\\/www.facebook.com\\/\"}],[{\"key\":\"name\",\"value\":\"Instagram\"},{\"key\":\"icon\",\"value\":\"ti ti-brand-instagram\"},{\"key\":\"url\",\"value\":\"https:\\/\\/www.instagram.com\\/\"}],[{\"key\":\"name\",\"value\":\"Twitter\"},{\"key\":\"icon\",\"value\":\"ti ti-brand-x\"},{\"key\":\"url\",\"value\":\"https:\\/\\/www.twitter.com\\/\"}],[{\"key\":\"name\",\"value\":\"YouTube\"},{\"key\":\"icon\",\"value\":\"ti ti-brand-youtube\"},{\"key\":\"url\",\"value\":\"https:\\/\\/www.youtube.com\\/\"}],[{\"key\":\"name\",\"value\":\"Pinterest\"},{\"key\":\"icon\",\"value\":\"ti ti-brand-pinterest\"},{\"key\":\"url\",\"value\":\"https:\\/\\/www.pinterest.com\\/\"}]]]',3,'Botble\\Member\\Models\\Member','2025-12-24 07:28:55','2025-12-24 07:28:55'),(7,'title','[\"Marketing Director\"]',4,'Botble\\Member\\Models\\Member','2025-12-24 07:28:56','2025-12-24 07:28:56'),(8,'social_links','[[[{\"key\":\"name\",\"value\":\"Facebook\"},{\"key\":\"icon\",\"value\":\"ti ti-brand-facebook\"},{\"key\":\"url\",\"value\":\"https:\\/\\/www.facebook.com\\/\"}],[{\"key\":\"name\",\"value\":\"Instagram\"},{\"key\":\"icon\",\"value\":\"ti ti-brand-instagram\"},{\"key\":\"url\",\"value\":\"https:\\/\\/www.instagram.com\\/\"}],[{\"key\":\"name\",\"value\":\"Twitter\"},{\"key\":\"icon\",\"value\":\"ti ti-brand-x\"},{\"key\":\"url\",\"value\":\"https:\\/\\/www.twitter.com\\/\"}],[{\"key\":\"name\",\"value\":\"YouTube\"},{\"key\":\"icon\",\"value\":\"ti ti-brand-youtube\"},{\"key\":\"url\",\"value\":\"https:\\/\\/www.youtube.com\\/\"}],[{\"key\":\"name\",\"value\":\"Pinterest\"},{\"key\":\"icon\",\"value\":\"ti ti-brand-pinterest\"},{\"key\":\"url\",\"value\":\"https:\\/\\/www.pinterest.com\\/\"}]]]',4,'Botble\\Member\\Models\\Member','2025-12-24 07:28:56','2025-12-24 07:28:56'),(9,'title','[\"Chef Marketing Officer\"]',5,'Botble\\Member\\Models\\Member','2025-12-24 07:28:56','2025-12-24 07:28:56'),(10,'social_links','[[[{\"key\":\"name\",\"value\":\"Facebook\"},{\"key\":\"icon\",\"value\":\"ti ti-brand-facebook\"},{\"key\":\"url\",\"value\":\"https:\\/\\/www.facebook.com\\/\"}],[{\"key\":\"name\",\"value\":\"Instagram\"},{\"key\":\"icon\",\"value\":\"ti ti-brand-instagram\"},{\"key\":\"url\",\"value\":\"https:\\/\\/www.instagram.com\\/\"}],[{\"key\":\"name\",\"value\":\"Twitter\"},{\"key\":\"icon\",\"value\":\"ti ti-brand-x\"},{\"key\":\"url\",\"value\":\"https:\\/\\/www.twitter.com\\/\"}],[{\"key\":\"name\",\"value\":\"YouTube\"},{\"key\":\"icon\",\"value\":\"ti ti-brand-youtube\"},{\"key\":\"url\",\"value\":\"https:\\/\\/www.youtube.com\\/\"}],[{\"key\":\"name\",\"value\":\"Pinterest\"},{\"key\":\"icon\",\"value\":\"ti ti-brand-pinterest\"},{\"key\":\"url\",\"value\":\"https:\\/\\/www.pinterest.com\\/\"}]]]',5,'Botble\\Member\\Models\\Member','2025-12-24 07:28:56','2025-12-24 07:28:56'),(11,'title','[\"Sr. Manager\"]',6,'Botble\\Member\\Models\\Member','2025-12-24 07:28:56','2025-12-24 07:28:56'),(12,'social_links','[[[{\"key\":\"name\",\"value\":\"Facebook\"},{\"key\":\"icon\",\"value\":\"ti ti-brand-facebook\"},{\"key\":\"url\",\"value\":\"https:\\/\\/www.facebook.com\\/\"}],[{\"key\":\"name\",\"value\":\"Instagram\"},{\"key\":\"icon\",\"value\":\"ti ti-brand-instagram\"},{\"key\":\"url\",\"value\":\"https:\\/\\/www.instagram.com\\/\"}],[{\"key\":\"name\",\"value\":\"Twitter\"},{\"key\":\"icon\",\"value\":\"ti ti-brand-x\"},{\"key\":\"url\",\"value\":\"https:\\/\\/www.twitter.com\\/\"}],[{\"key\":\"name\",\"value\":\"YouTube\"},{\"key\":\"icon\",\"value\":\"ti ti-brand-youtube\"},{\"key\":\"url\",\"value\":\"https:\\/\\/www.youtube.com\\/\"}],[{\"key\":\"name\",\"value\":\"Pinterest\"},{\"key\":\"icon\",\"value\":\"ti ti-brand-pinterest\"},{\"key\":\"url\",\"value\":\"https:\\/\\/www.pinterest.com\\/\"}]]]',6,'Botble\\Member\\Models\\Member','2025-12-24 07:28:56','2025-12-24 07:28:56'),(13,'title','[\"Chef Marketing Officer\"]',7,'Botble\\Member\\Models\\Member','2025-12-24 07:28:56','2025-12-24 07:28:56'),(14,'social_links','[[[{\"key\":\"name\",\"value\":\"Facebook\"},{\"key\":\"icon\",\"value\":\"ti ti-brand-facebook\"},{\"key\":\"url\",\"value\":\"https:\\/\\/www.facebook.com\\/\"}],[{\"key\":\"name\",\"value\":\"Instagram\"},{\"key\":\"icon\",\"value\":\"ti ti-brand-instagram\"},{\"key\":\"url\",\"value\":\"https:\\/\\/www.instagram.com\\/\"}],[{\"key\":\"name\",\"value\":\"Twitter\"},{\"key\":\"icon\",\"value\":\"ti ti-brand-x\"},{\"key\":\"url\",\"value\":\"https:\\/\\/www.twitter.com\\/\"}],[{\"key\":\"name\",\"value\":\"YouTube\"},{\"key\":\"icon\",\"value\":\"ti ti-brand-youtube\"},{\"key\":\"url\",\"value\":\"https:\\/\\/www.youtube.com\\/\"}],[{\"key\":\"name\",\"value\":\"Pinterest\"},{\"key\":\"icon\",\"value\":\"ti ti-brand-pinterest\"},{\"key\":\"url\",\"value\":\"https:\\/\\/www.pinterest.com\\/\"}]]]',7,'Botble\\Member\\Models\\Member','2025-12-24 07:28:56','2025-12-24 07:28:56'),(15,'title','[\"Sr. Manager\"]',8,'Botble\\Member\\Models\\Member','2025-12-24 07:28:56','2025-12-24 07:28:56'),(16,'social_links','[[[{\"key\":\"name\",\"value\":\"Facebook\"},{\"key\":\"icon\",\"value\":\"ti ti-brand-facebook\"},{\"key\":\"url\",\"value\":\"https:\\/\\/www.facebook.com\\/\"}],[{\"key\":\"name\",\"value\":\"Instagram\"},{\"key\":\"icon\",\"value\":\"ti ti-brand-instagram\"},{\"key\":\"url\",\"value\":\"https:\\/\\/www.instagram.com\\/\"}],[{\"key\":\"name\",\"value\":\"Twitter\"},{\"key\":\"icon\",\"value\":\"ti ti-brand-x\"},{\"key\":\"url\",\"value\":\"https:\\/\\/www.twitter.com\\/\"}],[{\"key\":\"name\",\"value\":\"YouTube\"},{\"key\":\"icon\",\"value\":\"ti ti-brand-youtube\"},{\"key\":\"url\",\"value\":\"https:\\/\\/www.youtube.com\\/\"}],[{\"key\":\"name\",\"value\":\"Pinterest\"},{\"key\":\"icon\",\"value\":\"ti ti-brand-pinterest\"},{\"key\":\"url\",\"value\":\"https:\\/\\/www.pinterest.com\\/\"}]]]',8,'Botble\\Member\\Models\\Member','2025-12-24 07:28:56','2025-12-24 07:28:56'),(17,'video_url','[\"https:\\/\\/www.youtube.com\\/watch?v=yCh9OVLI0SU\"]',2,'Botble\\Blog\\Models\\Post','2025-12-24 07:29:05','2025-12-24 07:29:05'),(18,'video_url','[\"https:\\/\\/www.youtube.com\\/watch?v=yCh9OVLI0SU\"]',3,'Botble\\Blog\\Models\\Post','2025-12-24 07:29:05','2025-12-24 07:29:05'),(19,'audio','[\"main\\/audio\\/audio.mp3\"]',4,'Botble\\Blog\\Models\\Post','2025-12-24 07:29:05','2025-12-24 07:29:05'),(20,'video_url','[\"https:\\/\\/www.youtube.com\\/watch?v=yCh9OVLI0SU\"]',5,'Botble\\Blog\\Models\\Post','2025-12-24 07:29:05','2025-12-24 07:29:05'),(21,'video_url','[\"https:\\/\\/www.youtube.com\\/watch?v=yCh9OVLI0SU\"]',6,'Botble\\Blog\\Models\\Post','2025-12-24 07:29:05','2025-12-24 07:29:05'),(22,'audio','[\"main\\/audio\\/audio.mp3\"]',7,'Botble\\Blog\\Models\\Post','2025-12-24 07:29:05','2025-12-24 07:29:05'),(23,'video_url','[\"https:\\/\\/www.youtube.com\\/watch?v=yCh9OVLI0SU\"]',8,'Botble\\Blog\\Models\\Post','2025-12-24 07:29:05','2025-12-24 07:29:05'),(24,'video_url','[\"https:\\/\\/www.youtube.com\\/watch?v=yCh9OVLI0SU\"]',9,'Botble\\Blog\\Models\\Post','2025-12-24 07:29:05','2025-12-24 07:29:05'),(25,'audio','[\"main\\/audio\\/audio.mp3\"]',10,'Botble\\Blog\\Models\\Post','2025-12-24 07:29:05','2025-12-24 07:29:05'),(26,'video_url','[\"https:\\/\\/www.youtube.com\\/watch?v=yCh9OVLI0SU\"]',11,'Botble\\Blog\\Models\\Post','2025-12-24 07:29:05','2025-12-24 07:29:05'),(27,'video_url','[\"https:\\/\\/www.youtube.com\\/watch?v=yCh9OVLI0SU\"]',12,'Botble\\Blog\\Models\\Post','2025-12-24 07:29:05','2025-12-24 07:29:05'),(28,'video_url','[\"https:\\/\\/www.youtube.com\\/watch?v=yCh9OVLI0SU\"]',14,'Botble\\Blog\\Models\\Post','2025-12-24 07:29:05','2025-12-24 07:29:05'),(29,'video_url','[\"https:\\/\\/www.youtube.com\\/watch?v=yCh9OVLI0SU\"]',15,'Botble\\Blog\\Models\\Post','2025-12-24 07:29:05','2025-12-24 07:29:05'),(30,'audio','[\"main\\/audio\\/audio.mp3\"]',16,'Botble\\Blog\\Models\\Post','2025-12-24 07:29:05','2025-12-24 07:29:05'),(31,'video_url','[\"https:\\/\\/www.youtube.com\\/watch?v=yCh9OVLI0SU\"]',17,'Botble\\Blog\\Models\\Post','2025-12-24 07:29:05','2025-12-24 07:29:05'),(32,'video_url','[\"https:\\/\\/www.youtube.com\\/watch?v=yCh9OVLI0SU\"]',18,'Botble\\Blog\\Models\\Post','2025-12-24 07:29:05','2025-12-24 07:29:05'),(33,'audio','[\"main\\/audio\\/audio.mp3\"]',19,'Botble\\Blog\\Models\\Post','2025-12-24 07:29:05','2025-12-24 07:29:05');
/*!40000 ALTER TABLE `meta_boxes` ENABLE KEYS */;
UNLOCK TABLES;

--
-- Table structure for table `migrations`
--

DROP TABLE IF EXISTS `migrations`;
/*!40101 SET @saved_cs_client     = @@character_set_client */;
/*!50503 SET character_set_client = utf8mb4 */;
CREATE TABLE `migrations` (
  `id` int unsigned NOT NULL AUTO_INCREMENT,
  `migration` varchar(191) COLLATE utf8mb4_unicode_ci NOT NULL,
  `batch` int NOT NULL,
  PRIMARY KEY (`id`)
) ENGINE=InnoDB AUTO_INCREMENT=98 DEFAULT CHARSET=utf8mb4 COLLATE=utf8mb4_unicode_ci;
/*!40101 SET character_set_client = @saved_cs_client */;

--
-- Dumping data for table `migrations`
--

LOCK TABLES `migrations` WRITE;
/*!40000 ALTER TABLE `migrations` DISABLE KEYS */;
INSERT INTO `migrations` VALUES (1,'0001_01_01_000001_create_cache_table',1),(2,'2013_04_09_032329_create_base_tables',1),(3,'2013_04_09_062329_create_revisions_table',1),(4,'2014_10_12_000000_create_users_table',1),(5,'2014_10_12_100000_create_password_reset_tokens_table',1),(6,'2015_06_18_033822_create_blog_table',1),(7,'2015_06_29_025744_create_audit_history',1),(8,'2015_08_15_122343_create_notes_table',1),(9,'2016_05_28_112028_create_system_request_logs_table',1),(10,'2016_06_10_230148_create_acl_tables',1),(11,'2016_06_14_230857_create_menus_table',1),(12,'2016_06_17_091537_create_contacts_table',1),(13,'2016_06_28_221418_create_pages_table',1),(14,'2016_10_03_032336_create_languages_table',1),(15,'2016_10_05_074239_create_setting_table',1),(16,'2016_10_07_193005_create_translations_table',1),(17,'2016_10_13_150201_create_galleries_table',1),(18,'2016_11_28_032840_create_dashboard_widget_tables',1),(19,'2016_12_16_084601_create_widgets_table',1),(20,'2017_05_09_070343_create_media_tables',1),(21,'2017_10_04_140938_create_member_table',1),(22,'2017_10_24_154832_create_newsletter_table',1),(23,'2017_11_03_070450_create_slug_table',1),(24,'2019_01_05_053554_create_jobs_table',1),(25,'2019_08_19_000000_create_failed_jobs_table',1),(26,'2019_12_14_000001_create_personal_access_tokens_table',1),(27,'2020_11_18_150916_ads_create_ads_table',1),(28,'2021_02_16_092633_remove_default_value_for_author_type',1),(29,'2021_10_25_021023_fix-priority-load-for-language-advanced',1),(30,'2021_12_02_035301_add_ads_translations_table',1),(31,'2021_12_03_030600_create_blog_translations',1),(32,'2021_12_03_075608_create_page_translations',1),(33,'2021_12_03_082953_create_gallery_translations',1),(34,'2022_04_19_113923_add_index_to_table_posts',1),(35,'2022_04_20_100851_add_index_to_media_table',1),(36,'2022_04_20_101046_add_index_to_menu_table',1),(37,'2022_04_30_034048_create_gallery_meta_translations_table',1),(38,'2022_07_10_034813_move_lang_folder_to_root',1),(39,'2022_08_04_051940_add_missing_column_expires_at',1),(40,'2022_09_01_000001_create_admin_notifications_tables',1),(41,'2022_10_14_024629_drop_column_is_featured',1),(42,'2022_11_18_063357_add_missing_timestamp_in_table_settings',1),(43,'2022_12_02_093615_update_slug_index_columns',1),(44,'2023_01_30_024431_add_alt_to_media_table',1),(45,'2023_02_16_042611_drop_table_password_resets',1),(46,'2023_04_17_062645_add_open_in_new_tab',1),(47,'2023_04_23_005903_add_column_permissions_to_admin_notifications',1),(48,'2023_05_10_075124_drop_column_id_in_role_users_table',1),(49,'2023_07_06_011444_create_slug_translations_table',1),(50,'2023_08_11_060908_create_announcements_table',1),(51,'2023_08_21_090810_make_page_content_nullable',1),(52,'2023_08_29_074620_make_column_author_id_nullable',1),(53,'2023_08_29_075308_make_column_user_id_nullable',1),(54,'2023_09_14_021936_update_index_for_slugs_table',1),(55,'2023_09_14_022423_add_index_for_language_table',1),(56,'2023_10_16_075332_add_status_column',1),(57,'2023_11_07_023805_add_tablet_mobile_image',1),(58,'2023_11_10_080225_migrate_contact_blacklist_email_domains_to_core',1),(59,'2023_11_14_033417_change_request_column_in_table_audit_histories',1),(60,'2023_12_07_095130_add_color_column_to_media_folders_table',1),(61,'2023_12_12_105220_drop_translations_table',1),(62,'2023_12_17_162208_make_sure_column_color_in_media_folders_nullable',1),(63,'2024_01_16_050056_create_comments_table',1),(64,'2024_03_13_042350_migrate_newsletter_data',1),(65,'2024_03_20_080001_migrate_change_attribute_email_to_nullable_form_contacts_table',1),(66,'2024_03_25_000001_update_captcha_settings',1),(67,'2024_03_25_000001_update_captcha_settings_for_contact',1),(68,'2024_03_25_000001_update_captcha_settings_for_newsletter',1),(69,'2024_04_01_043317_add_google_adsense_slot_id_to_ads_table',1),(70,'2024_04_04_110758_update_value_column_in_user_meta_table',1),(71,'2024_04_19_063914_create_custom_fields_table',1),(72,'2024_04_27_100730_improve_analytics_setting',1),(73,'2024_05_12_091229_add_column_visibility_to_table_media_files',1),(74,'2024_07_07_091316_fix_column_url_in_menu_nodes_table',1),(75,'2024_07_12_100000_change_random_hash_for_media',1),(76,'2024_07_30_091615_fix_order_column_in_categories_table',1),(77,'2024_09_30_024515_create_sessions_table',1),(78,'2024_12_01_000000_add_indexes_to_blog_translations_tables',1),(79,'2024_12_01_000000_add_indexes_to_contact_translations_tables',1),(80,'2024_12_01_000000_add_indexes_to_gallery_translations_tables',1),(81,'2024_12_01_000000_add_indexes_to_pages_translations_table',1),(82,'2024_12_01_000000_add_indexes_to_slugs_translations_table',1),(83,'2024_12_01_000000_add_key_prefix_index_to_slugs_table',1),(84,'2024_12_19_000001_create_device_tokens_table',1),(85,'2024_12_19_000002_create_push_notifications_table',1),(86,'2024_12_19_000003_create_push_notification_recipients_table',1),(87,'2024_12_30_000001_create_user_settings_table',1),(88,'2025_01_06_033807_add_default_value_for_categories_author_type',1),(89,'2025_02_11_153025_add_action_label_to_announcement_translations',1),(90,'2025_04_08_040931_create_social_logins_table',1),(91,'2025_04_21_000000_add_tablet_mobile_image_to_ads_translations_table',1),(92,'2025_05_05_000001_add_user_type_to_audit_histories_table',1),(93,'2025_07_06_030754_add_phone_to_users_table',1),(94,'2025_07_31_add_performance_indexes_to_slugs_table',1),(95,'2025_11_07_000001_add_actor_type_to_audit_histories_table',1),(96,'2025_11_10_000000_cleanup_duplicate_widgets',1),(97,'2025_11_30_100000_add_sessions_invalidated_at_to_users_table',1);
/*!40000 ALTER TABLE `migrations` ENABLE KEYS */;
UNLOCK TABLES;

--
-- Table structure for table `newsletters`
--

DROP TABLE IF EXISTS `newsletters`;
/*!40101 SET @saved_cs_client     = @@character_set_client */;
/*!50503 SET character_set_client = utf8mb4 */;
CREATE TABLE `newsletters` (
  `id` bigint unsigned NOT NULL AUTO_INCREMENT,
  `email` varchar(120) COLLATE utf8mb4_unicode_ci NOT NULL,
  `name` varchar(120) COLLATE utf8mb4_unicode_ci DEFAULT NULL,
  `status` varchar(60) COLLATE utf8mb4_unicode_ci NOT NULL DEFAULT 'subscribed',
  `created_at` timestamp NULL DEFAULT NULL,
  `updated_at` timestamp NULL DEFAULT NULL,
  PRIMARY KEY (`id`)
) ENGINE=InnoDB DEFAULT CHARSET=utf8mb4 COLLATE=utf8mb4_unicode_ci;
/*!40101 SET character_set_client = @saved_cs_client */;

--
-- Dumping data for table `newsletters`
--

LOCK TABLES `newsletters` WRITE;
/*!40000 ALTER TABLE `newsletters` DISABLE KEYS */;
/*!40000 ALTER TABLE `newsletters` ENABLE KEYS */;
UNLOCK TABLES;

--
-- Table structure for table `notes`
--

DROP TABLE IF EXISTS `notes`;
/*!40101 SET @saved_cs_client     = @@character_set_client */;
/*!50503 SET character_set_client = utf8mb4 */;
CREATE TABLE `notes` (
  `id` bigint unsigned NOT NULL AUTO_INCREMENT,
  `user_id` bigint unsigned NOT NULL,
  `reference_id` bigint unsigned NOT NULL,
  `reference_type` varchar(120) COLLATE utf8mb4_unicode_ci NOT NULL,
  `created_by` bigint unsigned NOT NULL,
  `note` text COLLATE utf8mb4_unicode_ci NOT NULL,
  `created_at` timestamp NULL DEFAULT NULL,
  `updated_at` timestamp NULL DEFAULT NULL,
  PRIMARY KEY (`id`),
  KEY `notes_user_id_index` (`user_id`),
  KEY `notes_reference_id_index` (`reference_id`),
  KEY `notes_created_by_index` (`created_by`)
) ENGINE=InnoDB DEFAULT CHARSET=utf8mb4 COLLATE=utf8mb4_unicode_ci;
/*!40101 SET character_set_client = @saved_cs_client */;

--
-- Dumping data for table `notes`
--

LOCK TABLES `notes` WRITE;
/*!40000 ALTER TABLE `notes` DISABLE KEYS */;
/*!40000 ALTER TABLE `notes` ENABLE KEYS */;
UNLOCK TABLES;

--
-- Table structure for table `pages`
--

DROP TABLE IF EXISTS `pages`;
/*!40101 SET @saved_cs_client     = @@character_set_client */;
/*!50503 SET character_set_client = utf8mb4 */;
CREATE TABLE `pages` (
  `id` bigint unsigned NOT NULL AUTO_INCREMENT,
  `name` varchar(120) COLLATE utf8mb4_unicode_ci NOT NULL,
  `content` longtext COLLATE utf8mb4_unicode_ci,
  `user_id` bigint unsigned DEFAULT NULL,
  `image` varchar(191) COLLATE utf8mb4_unicode_ci DEFAULT NULL,
  `template` varchar(60) COLLATE utf8mb4_unicode_ci DEFAULT NULL,
  `description` varchar(400) COLLATE utf8mb4_unicode_ci DEFAULT NULL,
  `status` varchar(60) COLLATE utf8mb4_unicode_ci NOT NULL DEFAULT 'published',
  `created_at` timestamp NULL DEFAULT NULL,
  `updated_at` timestamp NULL DEFAULT NULL,
  PRIMARY KEY (`id`),
  KEY `pages_user_id_index` (`user_id`)
) ENGINE=InnoDB AUTO_INCREMENT=11 DEFAULT CHARSET=utf8mb4 COLLATE=utf8mb4_unicode_ci;
/*!40101 SET character_set_client = @saved_cs_client */;

--
-- Dumping data for table `pages`
--

LOCK TABLES `pages` WRITE;
/*!40000 ALTER TABLE `pages` DISABLE KEYS */;
INSERT INTO `pages` VALUES (1,'Homepage','<div>[blog-posts style=\"style-14\" limit=\"7\" text_color=\"rgb(0, 0, 0)\" background_color=\"rgb(255, 255, 255)\"][/blog-posts]</div><div>[blog-posts enable_lazy_loading=\"yes\" style=\"style-15\" category_ids=\"3,4,6,7\" title=\"Latest Updates\" limit=\"4\" title_align=\"center\" text_color=\"transparent\" background_color=\"rgb(159, 104, 245)\"][/blog-posts]</div><div>[blog-posts enable_lazy_loading=\"yes\" style=\"style-13\" title=\"Trending News\" limit=\"6\" title_align=\"start\" text_color=\"transparent\" background_color=\"transparent\" sidebar=\"custom_sidebar_1\"][/blog-posts]</div><div>[blog-posts enable_lazy_loading=\"yes\" style=\"style-4\" title=\"Editor\'s Picks\" limit=\"4\" title_align=\"center\" text_color=\"#ffffff\" background_color=\"rgb(159, 104, 245)\"][/blog-posts]</div><div>[blog-posts enable_lazy_loading=\"yes\" style=\"style-2\" category_ids=\"1,4,6,7\" title=\"AI for Business\" limit=\"6\" title_align=\"start\" text_color=\"transparent\" background_color=\"transparent\"][/blog-posts]</div><div>[blog-posts enable_lazy_loading=\"yes\" style=\"style-6\" title=\"Popular Of the Weeks\" limit=\"4\" title_align=\"start\" text_color=\"rgb(0, 0, 0)\" background_color=\"rgb(242, 242, 242)\"][/blog-posts]</div><div>[blog-posts enable_lazy_loading=\"yes\" style=\"style-16\" category_ids=\"2,5,7\" title=\"AI for Business\" limit=\"3\" title_align=\"start\" text_color=\"transparent\" background_color=\"transparent\"][/blog-posts]</div><div>[app-downloads title=\"Download Our Apps For Stay Update\" subtitle=\"Easy to update latest news, aily podcast and everything in your hand\" platform_google_label=\"Play Store\" platform_google_icon=\"ti ti-brand-google-play\" platform_google_url=\"https://play.google.com/\" platform_apple_label=\"Apple Store\" platform_apple_icon=\"ti ti-brand-apple\" platform_apple_url=\"https://www.apple.com/app-store/\" image=\"main/general/app-downloads.png\" background_color=\"#9f68f5\"][/app-downloads]</div>',1,NULL,'homepage',NULL,'published','2025-12-24 07:29:05','2025-12-24 07:29:05'),(2,'About us','<div>[about-us title=\"Know our Publication Media & Vision.\" subtitle=\"Bring To The Table Win-Win Survival Strategies To Ensure Proactive Domination. At The End Of The Day Going.\" description=\"Leverage agile frameworks to provide a robust synopsis for high level overviews. Iterative approaches to corporate strategy foster collaborative thinking to further the overall value proposition. Organically grow the over holistic world view of disruptive innovation via workplace diversity and Bring to the table win-win survival strategies to ensure proactive fin domination. At the end of the day, going forward, a new normal.\" staff_name=\"Raihawly Williamson\" staff_description=\"CEO, Echo Publishing Inc.\" staff_signature=\"main/general/signature.png\" first_image=\"main/general/about-1.png\" second_image=\"main/general/about-2.png\"][/about-us]</div><div>[intro-video image=\"main/general/about-video-1.png\" video_url=\"https://www.youtube.com/watch?v=Y1t6rjWYNro\" play_icon=\"ti ti-player-play-filled\"][/intro-video]</div>',1,NULL,'full-width',NULL,'published','2025-12-24 07:29:05','2025-12-24 07:29:05'),(3,'Contact','<div>[contact-form title=\"General Customer Care & Technical Support\" description=\"We’re here to assist you with any questions or technical issues you may have. Please fill out the form below, and our dedicated team will respond promptly to ensure you have a seamless experience with us.\" button_label=\"Send Message\" button_icon=\"ti ti-arrow-right\" quantity=\"3\" title_1=\"Location\" description_1=\"The Business Centre132, New York 12401. United States\" icon_1=\"ti ti-map-pin\" url_1=\"\" open_in_new_tab_1=\"yes\" title_2=\"Email Address\" description_2=\"info@yourmail.com\" icon_2=\"ti ti-mail\" url_2=\"mailto:info@yourmail.com\" open_in_new_tab_2=\"yes\" title_3=\"Phone\" description_3=\"(00) 123 456 789 99\" icon_3=\"ti ti-phone\" url_3=\"tel:(00) 123 456 789 99\" open_in_new_tab_3=\"yes\"  address=\"Fortis Downtown Resort\"][/contact-form]</div>',1,NULL,'full-width',NULL,'published','2025-12-24 07:29:05','2025-12-24 07:29:05'),(4,'Blog','---',1,NULL,'full-width',NULL,'published','2025-12-24 07:29:05','2025-12-24 07:29:05'),(5,'Team','<div>[members title=\"Meet Our Professional Team\" member_ids=\"1,2,3,4,5,6,7,8\"][/members]</div>',1,NULL,'full-width',NULL,'published','2025-12-24 07:29:05','2025-12-24 07:29:05'),(6,'Cookie Policy','<h3>EU Cookie Consent</h3><p>To use this website we are using Cookies and collecting some Data. To be compliant with the EU GDPR we give you to choose if you allow us to use certain Cookies and to collect some Data.</p><h4>Essential Data</h4><p>The Essential Data is needed to run the Site you are visiting technically. You can not deactivate them.</p><p>- Session Cookie: PHP uses a Cookie to identify user sessions. Without this Cookie the Website is not working.</p><p>- XSRF-Token Cookie: Laravel automatically generates a CSRF \"token\" for each active user session managed by the application. This token is used to verify that the authenticated user is the one actually making the requests to the application.</p>',1,NULL,'default',NULL,'published','2025-12-24 07:29:05','2025-12-24 07:29:05'),(7,'Terms Of Use','<h3>EU Cookie Consent</h3><p>To use this website we are using Cookies and collecting some Data. To be compliant with the EU GDPR we give you to choose if you allow us to use certain Cookies and to collect some Data.</p><h4>Essential Data</h4><p>The Essential Data is needed to run the Site you are visiting technically. You can not deactivate them.</p><p>- Session Cookie: PHP uses a Cookie to identify user sessions. Without this Cookie the Website is not working.</p><p>- XSRF-Token Cookie: Laravel automatically generates a CSRF \"token\" for each active user session managed by the application. This token is used to verify that the authenticated user is the one actually making the requests to the application.</p>',1,NULL,'default',NULL,'published','2025-12-24 07:29:05','2025-12-24 07:29:05'),(8,'Privacy Policy','<h3>EU Cookie Consent</h3><p>To use this website we are using Cookies and collecting some Data. To be compliant with the EU GDPR we give you to choose if you allow us to use certain Cookies and to collect some Data.</p><h4>Essential Data</h4><p>The Essential Data is needed to run the Site you are visiting technically. You can not deactivate them.</p><p>- Session Cookie: PHP uses a Cookie to identify user sessions. Without this Cookie the Website is not working.</p><p>- XSRF-Token Cookie: Laravel automatically generates a CSRF \"token\" for each active user session managed by the application. This token is used to verify that the authenticated user is the one actually making the requests to the application.</p>',1,NULL,'default',NULL,'published','2025-12-24 07:29:05','2025-12-24 07:29:05'),(9,'Advertise','<h3>Random Content</h3><p>This is a random content that will be displayed on the page.</p>',1,NULL,'default',NULL,'published','2025-12-24 07:29:05','2025-12-24 07:29:05'),(10,'FAQ','<h3>Random Content</h3><p>This is a random content that will be displayed on the page.</p>',1,NULL,'default',NULL,'published','2025-12-24 07:29:05','2025-12-24 07:29:05');
/*!40000 ALTER TABLE `pages` ENABLE KEYS */;
UNLOCK TABLES;

--
-- Table structure for table `pages_translations`
--

DROP TABLE IF EXISTS `pages_translations`;
/*!40101 SET @saved_cs_client     = @@character_set_client */;
/*!50503 SET character_set_client = utf8mb4 */;
CREATE TABLE `pages_translations` (
  `lang_code` varchar(20) COLLATE utf8mb4_unicode_ci NOT NULL,
  `pages_id` bigint unsigned NOT NULL,
  `name` varchar(191) COLLATE utf8mb4_unicode_ci DEFAULT NULL,
  `description` varchar(400) COLLATE utf8mb4_unicode_ci DEFAULT NULL,
  `content` longtext COLLATE utf8mb4_unicode_ci,
  PRIMARY KEY (`lang_code`,`pages_id`),
  KEY `idx_pages_trans_pages_id` (`pages_id`),
  KEY `idx_pages_trans_page_lang` (`pages_id`,`lang_code`)
) ENGINE=InnoDB DEFAULT CHARSET=utf8mb4 COLLATE=utf8mb4_unicode_ci;
/*!40101 SET character_set_client = @saved_cs_client */;

--
-- Dumping data for table `pages_translations`
--

LOCK TABLES `pages_translations` WRITE;
/*!40000 ALTER TABLE `pages_translations` DISABLE KEYS */;
/*!40000 ALTER TABLE `pages_translations` ENABLE KEYS */;
UNLOCK TABLES;

--
-- Table structure for table `password_reset_tokens`
--

DROP TABLE IF EXISTS `password_reset_tokens`;
/*!40101 SET @saved_cs_client     = @@character_set_client */;
/*!50503 SET character_set_client = utf8mb4 */;
CREATE TABLE `password_reset_tokens` (
  `email` varchar(191) COLLATE utf8mb4_unicode_ci NOT NULL,
  `token` varchar(191) COLLATE utf8mb4_unicode_ci NOT NULL,
  `created_at` timestamp NULL DEFAULT NULL,
  PRIMARY KEY (`email`)
) ENGINE=InnoDB DEFAULT CHARSET=utf8mb4 COLLATE=utf8mb4_unicode_ci;
/*!40101 SET character_set_client = @saved_cs_client */;

--
-- Dumping data for table `password_reset_tokens`
--

LOCK TABLES `password_reset_tokens` WRITE;
/*!40000 ALTER TABLE `password_reset_tokens` DISABLE KEYS */;
/*!40000 ALTER TABLE `password_reset_tokens` ENABLE KEYS */;
UNLOCK TABLES;

--
-- Table structure for table `personal_access_tokens`
--

DROP TABLE IF EXISTS `personal_access_tokens`;
/*!40101 SET @saved_cs_client     = @@character_set_client */;
/*!50503 SET character_set_client = utf8mb4 */;
CREATE TABLE `personal_access_tokens` (
  `id` bigint unsigned NOT NULL AUTO_INCREMENT,
  `tokenable_type` varchar(191) COLLATE utf8mb4_unicode_ci NOT NULL,
  `tokenable_id` bigint unsigned NOT NULL,
  `name` varchar(191) COLLATE utf8mb4_unicode_ci NOT NULL,
  `token` varchar(64) COLLATE utf8mb4_unicode_ci NOT NULL,
  `abilities` text COLLATE utf8mb4_unicode_ci,
  `last_used_at` timestamp NULL DEFAULT NULL,
  `expires_at` timestamp NULL DEFAULT NULL,
  `created_at` timestamp NULL DEFAULT NULL,
  `updated_at` timestamp NULL DEFAULT NULL,
  PRIMARY KEY (`id`),
  UNIQUE KEY `personal_access_tokens_token_unique` (`token`),
  KEY `personal_access_tokens_tokenable_type_tokenable_id_index` (`tokenable_type`,`tokenable_id`)
) ENGINE=InnoDB DEFAULT CHARSET=utf8mb4 COLLATE=utf8mb4_unicode_ci;
/*!40101 SET character_set_client = @saved_cs_client */;

--
-- Dumping data for table `personal_access_tokens`
--

LOCK TABLES `personal_access_tokens` WRITE;
/*!40000 ALTER TABLE `personal_access_tokens` DISABLE KEYS */;
/*!40000 ALTER TABLE `personal_access_tokens` ENABLE KEYS */;
UNLOCK TABLES;

--
-- Table structure for table `post_categories`
--

DROP TABLE IF EXISTS `post_categories`;
/*!40101 SET @saved_cs_client     = @@character_set_client */;
/*!50503 SET character_set_client = utf8mb4 */;
CREATE TABLE `post_categories` (
  `category_id` bigint unsigned NOT NULL,
  `post_id` bigint unsigned NOT NULL,
  KEY `post_categories_category_id_index` (`category_id`),
  KEY `post_categories_post_id_index` (`post_id`)
) ENGINE=InnoDB DEFAULT CHARSET=utf8mb4 COLLATE=utf8mb4_unicode_ci;
/*!40101 SET character_set_client = @saved_cs_client */;

--
-- Dumping data for table `post_categories`
--

LOCK TABLES `post_categories` WRITE;
/*!40000 ALTER TABLE `post_categories` DISABLE KEYS */;
INSERT INTO `post_categories` VALUES (10,1),(1,1),(9,2),(8,2),(2,3),(4,3),(9,4),(10,4),(9,5),(7,5),(6,6),(1,6),(3,7),(8,7),(8,8),(3,8),(9,9),(6,9),(7,10),(4,10),(10,11),(3,11),(6,12),(7,13),(5,13),(6,14),(5,14),(8,15),(7,15),(6,16),(3,17),(10,17),(3,18),(8,18),(10,19),(9,19);
/*!40000 ALTER TABLE `post_categories` ENABLE KEYS */;
UNLOCK TABLES;

--
-- Table structure for table `post_tags`
--

DROP TABLE IF EXISTS `post_tags`;
/*!40101 SET @saved_cs_client     = @@character_set_client */;
/*!50503 SET character_set_client = utf8mb4 */;
CREATE TABLE `post_tags` (
  `tag_id` bigint unsigned NOT NULL,
  `post_id` bigint unsigned NOT NULL,
  KEY `post_tags_tag_id_index` (`tag_id`),
  KEY `post_tags_post_id_index` (`post_id`)
) ENGINE=InnoDB DEFAULT CHARSET=utf8mb4 COLLATE=utf8mb4_unicode_ci;
/*!40101 SET character_set_client = @saved_cs_client */;

--
-- Dumping data for table `post_tags`
--

LOCK TABLES `post_tags` WRITE;
/*!40000 ALTER TABLE `post_tags` DISABLE KEYS */;
INSERT INTO `post_tags` VALUES (4,1),(1,1),(6,1),(7,2),(8,2),(8,3),(6,3),(2,3),(8,4),(2,4),(1,4),(8,5),(3,5),(10,6),(2,6),(3,6),(2,7),(3,7),(4,7),(8,8),(5,8),(1,8),(3,9),(6,9),(5,9),(5,10),(1,10),(3,10),(3,11),(9,11),(5,12),(8,12),(1,13),(4,13),(5,13),(8,14),(6,14),(10,14),(5,15),(6,15),(2,15),(3,16),(1,16),(6,17),(8,17),(7,18),(9,18),(1,19),(8,19);
/*!40000 ALTER TABLE `post_tags` ENABLE KEYS */;
UNLOCK TABLES;

--
-- Table structure for table `posts`
--

DROP TABLE IF EXISTS `posts`;
/*!40101 SET @saved_cs_client     = @@character_set_client */;
/*!50503 SET character_set_client = utf8mb4 */;
CREATE TABLE `posts` (
  `id` bigint unsigned NOT NULL AUTO_INCREMENT,
  `name` varchar(191) COLLATE utf8mb4_unicode_ci NOT NULL,
  `description` varchar(400) COLLATE utf8mb4_unicode_ci DEFAULT NULL,
  `content` longtext COLLATE utf8mb4_unicode_ci,
  `status` varchar(60) COLLATE utf8mb4_unicode_ci NOT NULL DEFAULT 'published',
  `author_id` bigint unsigned DEFAULT NULL,
  `author_type` varchar(191) COLLATE utf8mb4_unicode_ci NOT NULL,
  `is_featured` tinyint unsigned NOT NULL DEFAULT '0',
  `image` varchar(191) COLLATE utf8mb4_unicode_ci DEFAULT NULL,
  `views` int unsigned NOT NULL DEFAULT '0',
  `format_type` varchar(30) COLLATE utf8mb4_unicode_ci DEFAULT NULL,
  `created_at` timestamp NULL DEFAULT NULL,
  `updated_at` timestamp NULL DEFAULT NULL,
  PRIMARY KEY (`id`),
  KEY `posts_status_index` (`status`),
  KEY `posts_author_id_index` (`author_id`),
  KEY `posts_author_type_index` (`author_type`),
  KEY `posts_created_at_index` (`created_at`)
) ENGINE=InnoDB AUTO_INCREMENT=20 DEFAULT CHARSET=utf8mb4 COLLATE=utf8mb4_unicode_ci;
/*!40101 SET character_set_client = @saved_cs_client */;

--
-- Dumping data for table `posts`
--

LOCK TABLES `posts` WRITE;
/*!40000 ALTER TABLE `posts` DISABLE KEYS */;
INSERT INTO `posts` VALUES (1,'Understanding Neural Networks','Explore the inner workings of neural networks and their applications in artificial intelligence. From feedforward to recurrent models, dive deep into the fundamentals of this powerful technology.','<p>Our mission is to assist you in achieving better financial shape, not just for today, but for the long term. We believe that financial security and freedom are within reach for everyone, and we’re dedicated to providing the guidance and support you need to get there.</p><div>[content-quote author=\"Celine Dion\" quote=\"‘‘Life Imposes Things On You That You Can’t Control, But You Still Have The Choice Of How You’re Going To Live Through This.’’\"][/content-quote]</div><div>[content-image number_of_columns=\"col-2\" quantity=\"2\" image_1=\"main/news/6.jpg\" image_2=\"main/news/2.jpg\"][/content-image]</div><h3>Better financial shape</h3><p>Our comprehensive range of financial services and expert guidance are designed to empower individuals, families, and businesses to make informed financial decisions. Whether you’re looking to manage debt, build savings, invest wisely, or plan for retirement, our team of seasoned financial professionals is committed to helping you reach your goals. We offer personalized financial assessments, tailored strategies, and cutting-edge tools to maximize your financial well-being. By partnering with us, you gain access to a wealth of knowledge and resources that can transform your financial future.</p><div>[content-listing-style style=\"style-1\" quantity=\"6\" item_1=\"Diverse Solutions Guidance.\" item_2=\"Professionals Assisting You.\" item_3=\"Tailored Strategies for Success.\" item_4=\"Informed Decisions with Technology.\" item_5=\"Health Assessments Provided.\" item_6=\"Strategies for Building Prosperity.\"][/content-listing-style]</div><p>Achieving financial stability and prosperity is a shared goal we all aspire to. At Echo, we understand the significance of being in better financial shape, and we are here to guide you on your journey.</p><br> </br><br> </br>','published',1,'Botble\\Member\\Models\\Member',1,'ai/news/1.jpg',541,NULL,'2025-12-24 07:29:05','2025-12-24 07:29:05'),(2,'Natural Language Processing Essentials','Discover the fascinating world of natural language processing (NLP) and its role in AI. Learn about techniques like sentiment analysis, named entity recognition, and language generation, and their real-world applications.','<p>The title conveys a sense of confidence that the economy will weather the banking crisis without suffering severe damage. The term \"banking crisis\" likely refers to a situation where financial institutions face significant challenges, such as insolvency, liquidity problems, or other issues that could affect the stability of the financial sector.</p><div>[content-quote style=\"style-2\" quote=\"Life Imposes Things On You That You Can’t Control, But You Still Have The Choice Of How You’re Going To Live Through This\" author=\"Celine Dion\" description=\"Acknowledgment of Life’s Challenges: The quote recognizes that life can be unpredictable and present challenges, obstacles, and hardships that are beyond an individual’s control. It emphasizes that adversity is a natural part of the human experience.\" top_left_image=\"main/general/blog-shape-image.png\"][/content-quote]</div><h3>I love how relaxed and flowy this dress is and that it has really delicate</h3><p>Indulge in the epitome of comfort and style with our \"Relaxed and Flowy\" dress, a masterpiece of delicate design and effortless elegance. This dress offers the perfect blend of comfort and sophistication, allowing you to move gracefully through any occasion. Crafted with meticulous attention to detail, its delicate fabric and relaxed silhouette make it a wardrobe essential for those who appreciate both style and comfort. Whether you’re strolling through a garden party or enjoying a serene evening out, this dress will be your trusted companion. Discover the beauty of ease and elegance with this exquisite garment.</p><br> </br><div>[content-image number_of_columns=\"col-2\" quantity=\"2\" image_1=\"main/news/3.jpg\" image_2=\"main/news/7.jpg\"][/content-image]</div><div>[content-capitalize text=\"Step into the world of tranquility and charm with our Relaxed and Flowy dress. Its effortless design is a testament to the beauty of simplicity. The gentle, delicate fabric cascades with every movement, creating a mesmerizing dance of fabric and form. This dress embraces you in a feeling of relaxation and freedom, making it perfect for those serene, carefree moments you cherish\"][/content-capitalize]</div><div>[content-capitalize blog_content=\"This dress has a captivating allure with its relaxed and flowy silhouette that exudes a sense of effortlessness. What truly sets it apart are the exquisite, delicate details that adorn the fabric. The dress strikes a harmonious balance between comfort and sophistication, making it a perfect choice for those who value both the ease of relaxed attire and the subtle, intricate beauty that these delicate features bring to the overall design.\"][/content-capitalize]</div><p>It encourages taking personal responsibility for one’s responses to life’s trials. Even when faced with difficult circumstances, individuals have the autonomy to choose their emotional and behavioral reactions.</p><br> </br><p>The subtle details and the relaxed fit come together to create an ensemble that effortlessly combines fashion and comfort. Whether you’re attending a summer soirée or savoring a quiet day by the beach, this dress will be your go-to choice for a look that is both relaxed and elegantly delicate. Elevate your style with this captivating dress that celebrates the beauty of flowy, effortless fashion.\"</p><br> </br><br> </br>','published',8,'Botble\\Member\\Models\\Member',1,'ai/news/2.jpg',246,NULL,'2025-12-24 07:29:05','2025-12-24 07:29:05'),(3,'Introduction to Machine Learning Algorithms','Get started with machine learning algorithms, from classic models like linear regression to advanced techniques like support vector machines and random forests. Learn how to apply these algorithms to solve real-world problems.','<p>Introducing the Asus ROG Ally, your ultimate gaming companion that won’t compromise your budget. Packed with the high-performance AMD Z1 processor, this gaming laptop redefines what’s possible in the sub-$600 price range. Whether you’re a casual gamer or a hardcore enthusiast, the Asus ROG Ally has you covered with its impressive hardware and affordability.</p><h3>Data Center Loading & Security</h3><p>The Asus ROG Ally: Unleash Gaming Power on a Budget! Starting at just $600, this gaming marvel is powered by the formidable AMD Z1 processor. Get ready for an immersive gaming experience that won’t break the bank, as the Asus ROG Ally combines affordability with cutting-edge technology to ensure you conquer virtual worlds like a true champion.</p><h3>Advance Features</h3><div>[content-listing-style number_of_columns=\"col-2\" quantity=\"6\" item_1=\"Affordable Gaming Power\" item_2=\"AMD Z1 Processor\" item_3=\"Stylish Design\" item_4=\"High-Refresh-Rate Display\" item_5=\"Expandable Storage and Memory\" item_6=\"Gaming Excellence on a Budget\"][/content-listing-style]</div><p>The Asus ROG Ally also offers ample storage and memory options to keep all your games and files within easy reach. You can expand and customize it to meet your specific needs, ensuring you’re always prepared for the latest gaming challenges.</p><br> </br><div>[content-image number_of_columns=\"col-2\" quantity=\"2\" image_1=\"main/general/blog-4.png\" image_2=\"main/general/blog-3.png\"][/content-image]</div><div>[content-image number_of_columns=\"col-1\" quantity=\"1\" image_1=\"main/general/blog-5.png\"][/content-image]</div><h3>Features & configurations</h3><div>[content-listing-style number_of_columns=\"col-1\" quantity=\"6\" item_1=\"350-mile range (the bar is 300 miles)\" item_2=\"Your smartphone can be your key to the vehicle\" item_3=\"Reverse charging, so your car can power your house during a power outage\" item_4=\"An impressive 0-60 time of around 3.6 seconds (I like performance)\" item_5=\"A solar panel roof to increase range and supply emergency power\" item_6=\"Convertible-like mode (which really opens the car up)\"][/content-listing-style]</div><p>Asus ROG Ally is your ticket to affordable gaming excellence. With a starting price of just $600, it’s a game-changer that will take your gaming adventures to the next level. Whether you’re a student, a professional, or just someone looking for a fantastic gaming experience without breaking the bank, the Asus ROG Ally with AMD Z1 is your ideal companion. Grab yours now and prepare to dominate the gaming world!</p><br> </br>','published',1,'Botble\\Member\\Models\\Member',1,'ai/news/3.jpg',395,NULL,'2025-12-24 07:29:05','2025-12-24 07:29:05'),(4,'The Rise of Deep Learning','Witness the rise of deep learning and its impact on artificial intelligence. From image recognition to speech synthesis, explore the groundbreaking advancements made possible by deep neural networks.','<p>Our mission is to assist you in achieving better financial shape, not just for today, but for the long term. We believe that financial security and freedom are within reach for everyone, and we’re dedicated to providing the guidance and support you need to get there.</p><div>[content-quote author=\"Celine Dion\" quote=\"‘‘Life Imposes Things On You That You Can’t Control, But You Still Have The Choice Of How You’re Going To Live Through This.’’\"][/content-quote]</div><div>[content-image number_of_columns=\"col-2\" quantity=\"2\" image_1=\"main/news/6.jpg\" image_2=\"main/news/2.jpg\"][/content-image]</div><h3>Better financial shape</h3><p>Our comprehensive range of financial services and expert guidance are designed to empower individuals, families, and businesses to make informed financial decisions. Whether you’re looking to manage debt, build savings, invest wisely, or plan for retirement, our team of seasoned financial professionals is committed to helping you reach your goals. We offer personalized financial assessments, tailored strategies, and cutting-edge tools to maximize your financial well-being. By partnering with us, you gain access to a wealth of knowledge and resources that can transform your financial future.</p><div>[content-listing-style style=\"style-1\" quantity=\"6\" item_1=\"Diverse Solutions Guidance.\" item_2=\"Professionals Assisting You.\" item_3=\"Tailored Strategies for Success.\" item_4=\"Informed Decisions with Technology.\" item_5=\"Health Assessments Provided.\" item_6=\"Strategies for Building Prosperity.\"][/content-listing-style]</div><p>Achieving financial stability and prosperity is a shared goal we all aspire to. At Echo, we understand the significance of being in better financial shape, and we are here to guide you on your journey.</p><br> </br><br> </br>','published',3,'Botble\\Member\\Models\\Member',1,'ai/news/4.jpg',2486,NULL,'2025-12-24 07:29:05','2025-12-24 07:29:05'),(5,'Reinforcement Learning Basics','Delve into the world of reinforcement learning and its role in training intelligent agents. Learn about reward functions, policy gradients, and value iteration, and see how these concepts are applied in autonomous systems.','<p>The title conveys a sense of confidence that the economy will weather the banking crisis without suffering severe damage. The term \"banking crisis\" likely refers to a situation where financial institutions face significant challenges, such as insolvency, liquidity problems, or other issues that could affect the stability of the financial sector.</p><div>[content-quote style=\"style-2\" quote=\"Life Imposes Things On You That You Can’t Control, But You Still Have The Choice Of How You’re Going To Live Through This\" author=\"Celine Dion\" description=\"Acknowledgment of Life’s Challenges: The quote recognizes that life can be unpredictable and present challenges, obstacles, and hardships that are beyond an individual’s control. It emphasizes that adversity is a natural part of the human experience.\" top_left_image=\"main/general/blog-shape-image.png\"][/content-quote]</div><h3>I love how relaxed and flowy this dress is and that it has really delicate</h3><p>Indulge in the epitome of comfort and style with our \"Relaxed and Flowy\" dress, a masterpiece of delicate design and effortless elegance. This dress offers the perfect blend of comfort and sophistication, allowing you to move gracefully through any occasion. Crafted with meticulous attention to detail, its delicate fabric and relaxed silhouette make it a wardrobe essential for those who appreciate both style and comfort. Whether you’re strolling through a garden party or enjoying a serene evening out, this dress will be your trusted companion. Discover the beauty of ease and elegance with this exquisite garment.</p><br> </br><div>[content-image number_of_columns=\"col-2\" quantity=\"2\" image_1=\"main/news/3.jpg\" image_2=\"main/news/7.jpg\"][/content-image]</div><div>[content-capitalize text=\"Step into the world of tranquility and charm with our Relaxed and Flowy dress. Its effortless design is a testament to the beauty of simplicity. The gentle, delicate fabric cascades with every movement, creating a mesmerizing dance of fabric and form. This dress embraces you in a feeling of relaxation and freedom, making it perfect for those serene, carefree moments you cherish\"][/content-capitalize]</div><div>[content-capitalize blog_content=\"This dress has a captivating allure with its relaxed and flowy silhouette that exudes a sense of effortlessness. What truly sets it apart are the exquisite, delicate details that adorn the fabric. The dress strikes a harmonious balance between comfort and sophistication, making it a perfect choice for those who value both the ease of relaxed attire and the subtle, intricate beauty that these delicate features bring to the overall design.\"][/content-capitalize]</div><p>It encourages taking personal responsibility for one’s responses to life’s trials. Even when faced with difficult circumstances, individuals have the autonomy to choose their emotional and behavioral reactions.</p><br> </br><p>The subtle details and the relaxed fit come together to create an ensemble that effortlessly combines fashion and comfort. Whether you’re attending a summer soirée or savoring a quiet day by the beach, this dress will be your go-to choice for a look that is both relaxed and elegantly delicate. Elevate your style with this captivating dress that celebrates the beauty of flowy, effortless fashion.\"</p><br> </br><br> </br>','published',6,'Botble\\Member\\Models\\Member',1,'ai/news/5.jpg',1495,NULL,'2025-12-24 07:29:05','2025-12-24 07:29:05'),(6,'Computer Vision Applications in AI','Discover the exciting field of computer vision and its applications in artificial intelligence. From object detection to image segmentation, explore the algorithms and techniques used to analyze and interpret visual data.','<p>Our mission is to assist you in achieving better financial shape, not just for today, but for the long term. We believe that financial security and freedom are within reach for everyone, and we’re dedicated to providing the guidance and support you need to get there.</p><div>[content-quote author=\"Celine Dion\" quote=\"‘‘Life Imposes Things On You That You Can’t Control, But You Still Have The Choice Of How You’re Going To Live Through This.’’\"][/content-quote]</div><div>[content-image number_of_columns=\"col-2\" quantity=\"2\" image_1=\"main/news/6.jpg\" image_2=\"main/news/2.jpg\"][/content-image]</div><h3>Better financial shape</h3><p>Our comprehensive range of financial services and expert guidance are designed to empower individuals, families, and businesses to make informed financial decisions. Whether you’re looking to manage debt, build savings, invest wisely, or plan for retirement, our team of seasoned financial professionals is committed to helping you reach your goals. We offer personalized financial assessments, tailored strategies, and cutting-edge tools to maximize your financial well-being. By partnering with us, you gain access to a wealth of knowledge and resources that can transform your financial future.</p><div>[content-listing-style style=\"style-1\" quantity=\"6\" item_1=\"Diverse Solutions Guidance.\" item_2=\"Professionals Assisting You.\" item_3=\"Tailored Strategies for Success.\" item_4=\"Informed Decisions with Technology.\" item_5=\"Health Assessments Provided.\" item_6=\"Strategies for Building Prosperity.\"][/content-listing-style]</div><p>Achieving financial stability and prosperity is a shared goal we all aspire to. At Echo, we understand the significance of being in better financial shape, and we are here to guide you on your journey.</p><br> </br><br> </br>','published',6,'Botble\\Member\\Models\\Member',1,'ai/news/6.jpg',637,NULL,'2025-12-24 07:29:05','2025-12-24 07:29:05'),(7,'Ethical Considerations in AI Development','Examine the ethical implications of AI development and deployment. From bias in algorithms to concerns about privacy and security, explore the complex issues surrounding the responsible use of artificial intelligence.','<p>Our mission is to assist you in achieving better financial shape, not just for today, but for the long term. We believe that financial security and freedom are within reach for everyone, and we’re dedicated to providing the guidance and support you need to get there.</p><div>[content-quote author=\"Celine Dion\" quote=\"‘‘Life Imposes Things On You That You Can’t Control, But You Still Have The Choice Of How You’re Going To Live Through This.’’\"][/content-quote]</div><div>[content-image number_of_columns=\"col-2\" quantity=\"2\" image_1=\"main/news/6.jpg\" image_2=\"main/news/2.jpg\"][/content-image]</div><h3>Better financial shape</h3><p>Our comprehensive range of financial services and expert guidance are designed to empower individuals, families, and businesses to make informed financial decisions. Whether you’re looking to manage debt, build savings, invest wisely, or plan for retirement, our team of seasoned financial professionals is committed to helping you reach your goals. We offer personalized financial assessments, tailored strategies, and cutting-edge tools to maximize your financial well-being. By partnering with us, you gain access to a wealth of knowledge and resources that can transform your financial future.</p><div>[content-listing-style style=\"style-1\" quantity=\"6\" item_1=\"Diverse Solutions Guidance.\" item_2=\"Professionals Assisting You.\" item_3=\"Tailored Strategies for Success.\" item_4=\"Informed Decisions with Technology.\" item_5=\"Health Assessments Provided.\" item_6=\"Strategies for Building Prosperity.\"][/content-listing-style]</div><p>Achieving financial stability and prosperity is a shared goal we all aspire to. At Echo, we understand the significance of being in better financial shape, and we are here to guide you on your journey.</p><br> </br><br> </br>','published',1,'Botble\\Member\\Models\\Member',1,'ai/news/7.jpg',2016,NULL,'2025-12-24 07:29:05','2025-12-24 07:29:05'),(8,'Robotics and AI: The Future of Automation','Explore the intersection of robotics and artificial intelligence and its potential to revolutionize industries. From autonomous vehicles to smart manufacturing, discover how AI-powered robots are reshaping the way we work and live.','<p>Introducing the Asus ROG Ally, your ultimate gaming companion that won’t compromise your budget. Packed with the high-performance AMD Z1 processor, this gaming laptop redefines what’s possible in the sub-$600 price range. Whether you’re a casual gamer or a hardcore enthusiast, the Asus ROG Ally has you covered with its impressive hardware and affordability.</p><h3>Data Center Loading & Security</h3><p>The Asus ROG Ally: Unleash Gaming Power on a Budget! Starting at just $600, this gaming marvel is powered by the formidable AMD Z1 processor. Get ready for an immersive gaming experience that won’t break the bank, as the Asus ROG Ally combines affordability with cutting-edge technology to ensure you conquer virtual worlds like a true champion.</p><h3>Advance Features</h3><div>[content-listing-style number_of_columns=\"col-2\" quantity=\"6\" item_1=\"Affordable Gaming Power\" item_2=\"AMD Z1 Processor\" item_3=\"Stylish Design\" item_4=\"High-Refresh-Rate Display\" item_5=\"Expandable Storage and Memory\" item_6=\"Gaming Excellence on a Budget\"][/content-listing-style]</div><p>The Asus ROG Ally also offers ample storage and memory options to keep all your games and files within easy reach. You can expand and customize it to meet your specific needs, ensuring you’re always prepared for the latest gaming challenges.</p><br> </br><div>[content-image number_of_columns=\"col-2\" quantity=\"2\" image_1=\"main/general/blog-4.png\" image_2=\"main/general/blog-3.png\"][/content-image]</div><div>[content-image number_of_columns=\"col-1\" quantity=\"1\" image_1=\"main/general/blog-5.png\"][/content-image]</div><h3>Features & configurations</h3><div>[content-listing-style number_of_columns=\"col-1\" quantity=\"6\" item_1=\"350-mile range (the bar is 300 miles)\" item_2=\"Your smartphone can be your key to the vehicle\" item_3=\"Reverse charging, so your car can power your house during a power outage\" item_4=\"An impressive 0-60 time of around 3.6 seconds (I like performance)\" item_5=\"A solar panel roof to increase range and supply emergency power\" item_6=\"Convertible-like mode (which really opens the car up)\"][/content-listing-style]</div><p>Asus ROG Ally is your ticket to affordable gaming excellence. With a starting price of just $600, it’s a game-changer that will take your gaming adventures to the next level. Whether you’re a student, a professional, or just someone looking for a fantastic gaming experience without breaking the bank, the Asus ROG Ally with AMD Z1 is your ideal companion. Grab yours now and prepare to dominate the gaming world!</p><br> </br>','published',2,'Botble\\Member\\Models\\Member',1,'ai/news/8.jpg',709,NULL,'2025-12-24 07:29:05','2025-12-24 07:29:05'),(9,'AI in Healthcare: Transforming Medicine','Learn about the transformative impact of artificial intelligence on healthcare. From medical imaging to drug discovery, explore how AI is revolutionizing diagnosis, treatment, and patient care.','<p>The title conveys a sense of confidence that the economy will weather the banking crisis without suffering severe damage. The term \"banking crisis\" likely refers to a situation where financial institutions face significant challenges, such as insolvency, liquidity problems, or other issues that could affect the stability of the financial sector.</p><div>[content-quote style=\"style-2\" quote=\"Life Imposes Things On You That You Can’t Control, But You Still Have The Choice Of How You’re Going To Live Through This\" author=\"Celine Dion\" description=\"Acknowledgment of Life’s Challenges: The quote recognizes that life can be unpredictable and present challenges, obstacles, and hardships that are beyond an individual’s control. It emphasizes that adversity is a natural part of the human experience.\" top_left_image=\"main/general/blog-shape-image.png\"][/content-quote]</div><h3>I love how relaxed and flowy this dress is and that it has really delicate</h3><p>Indulge in the epitome of comfort and style with our \"Relaxed and Flowy\" dress, a masterpiece of delicate design and effortless elegance. This dress offers the perfect blend of comfort and sophistication, allowing you to move gracefully through any occasion. Crafted with meticulous attention to detail, its delicate fabric and relaxed silhouette make it a wardrobe essential for those who appreciate both style and comfort. Whether you’re strolling through a garden party or enjoying a serene evening out, this dress will be your trusted companion. Discover the beauty of ease and elegance with this exquisite garment.</p><br> </br><div>[content-image number_of_columns=\"col-2\" quantity=\"2\" image_1=\"main/news/3.jpg\" image_2=\"main/news/7.jpg\"][/content-image]</div><div>[content-capitalize text=\"Step into the world of tranquility and charm with our Relaxed and Flowy dress. Its effortless design is a testament to the beauty of simplicity. The gentle, delicate fabric cascades with every movement, creating a mesmerizing dance of fabric and form. This dress embraces you in a feeling of relaxation and freedom, making it perfect for those serene, carefree moments you cherish\"][/content-capitalize]</div><div>[content-capitalize blog_content=\"This dress has a captivating allure with its relaxed and flowy silhouette that exudes a sense of effortlessness. What truly sets it apart are the exquisite, delicate details that adorn the fabric. The dress strikes a harmonious balance between comfort and sophistication, making it a perfect choice for those who value both the ease of relaxed attire and the subtle, intricate beauty that these delicate features bring to the overall design.\"][/content-capitalize]</div><p>It encourages taking personal responsibility for one’s responses to life’s trials. Even when faced with difficult circumstances, individuals have the autonomy to choose their emotional and behavioral reactions.</p><br> </br><p>The subtle details and the relaxed fit come together to create an ensemble that effortlessly combines fashion and comfort. Whether you’re attending a summer soirée or savoring a quiet day by the beach, this dress will be your go-to choice for a look that is both relaxed and elegantly delicate. Elevate your style with this captivating dress that celebrates the beauty of flowy, effortless fashion.\"</p><br> </br><br> </br>','published',8,'Botble\\Member\\Models\\Member',1,'ai/news/9.jpg',2298,NULL,'2025-12-24 07:29:05','2025-12-24 07:29:05'),(10,'AI in Finance: Revolutionizing the Industry','Discover how artificial intelligence is revolutionizing the finance industry. From algorithmic trading to risk management, explore the applications of AI in banking, insurance, and investment management.','<p>Introducing the Asus ROG Ally, your ultimate gaming companion that won’t compromise your budget. Packed with the high-performance AMD Z1 processor, this gaming laptop redefines what’s possible in the sub-$600 price range. Whether you’re a casual gamer or a hardcore enthusiast, the Asus ROG Ally has you covered with its impressive hardware and affordability.</p><h3>Data Center Loading & Security</h3><p>The Asus ROG Ally: Unleash Gaming Power on a Budget! Starting at just $600, this gaming marvel is powered by the formidable AMD Z1 processor. Get ready for an immersive gaming experience that won’t break the bank, as the Asus ROG Ally combines affordability with cutting-edge technology to ensure you conquer virtual worlds like a true champion.</p><h3>Advance Features</h3><div>[content-listing-style number_of_columns=\"col-2\" quantity=\"6\" item_1=\"Affordable Gaming Power\" item_2=\"AMD Z1 Processor\" item_3=\"Stylish Design\" item_4=\"High-Refresh-Rate Display\" item_5=\"Expandable Storage and Memory\" item_6=\"Gaming Excellence on a Budget\"][/content-listing-style]</div><p>The Asus ROG Ally also offers ample storage and memory options to keep all your games and files within easy reach. You can expand and customize it to meet your specific needs, ensuring you’re always prepared for the latest gaming challenges.</p><br> </br><div>[content-image number_of_columns=\"col-2\" quantity=\"2\" image_1=\"main/general/blog-4.png\" image_2=\"main/general/blog-3.png\"][/content-image]</div><div>[content-image number_of_columns=\"col-1\" quantity=\"1\" image_1=\"main/general/blog-5.png\"][/content-image]</div><h3>Features & configurations</h3><div>[content-listing-style number_of_columns=\"col-1\" quantity=\"6\" item_1=\"350-mile range (the bar is 300 miles)\" item_2=\"Your smartphone can be your key to the vehicle\" item_3=\"Reverse charging, so your car can power your house during a power outage\" item_4=\"An impressive 0-60 time of around 3.6 seconds (I like performance)\" item_5=\"A solar panel roof to increase range and supply emergency power\" item_6=\"Convertible-like mode (which really opens the car up)\"][/content-listing-style]</div><p>Asus ROG Ally is your ticket to affordable gaming excellence. With a starting price of just $600, it’s a game-changer that will take your gaming adventures to the next level. Whether you’re a student, a professional, or just someone looking for a fantastic gaming experience without breaking the bank, the Asus ROG Ally with AMD Z1 is your ideal companion. Grab yours now and prepare to dominate the gaming world!</p><br> </br>','published',1,'Botble\\Member\\Models\\Member',1,'ai/news/10.jpg',2013,NULL,'2025-12-24 07:29:05','2025-12-24 07:29:05'),(11,'Exploring Generative Adversarial Networks (GANs)','Dive into the world of generative adversarial networks (GANs) and their applications in AI. Learn how GANs are used to generate realistic images, videos, and text, and explore their potential for creative applications.','<p>Introducing the Asus ROG Ally, your ultimate gaming companion that won’t compromise your budget. Packed with the high-performance AMD Z1 processor, this gaming laptop redefines what’s possible in the sub-$600 price range. Whether you’re a casual gamer or a hardcore enthusiast, the Asus ROG Ally has you covered with its impressive hardware and affordability.</p><h3>Data Center Loading & Security</h3><p>The Asus ROG Ally: Unleash Gaming Power on a Budget! Starting at just $600, this gaming marvel is powered by the formidable AMD Z1 processor. Get ready for an immersive gaming experience that won’t break the bank, as the Asus ROG Ally combines affordability with cutting-edge technology to ensure you conquer virtual worlds like a true champion.</p><h3>Advance Features</h3><div>[content-listing-style number_of_columns=\"col-2\" quantity=\"6\" item_1=\"Affordable Gaming Power\" item_2=\"AMD Z1 Processor\" item_3=\"Stylish Design\" item_4=\"High-Refresh-Rate Display\" item_5=\"Expandable Storage and Memory\" item_6=\"Gaming Excellence on a Budget\"][/content-listing-style]</div><p>The Asus ROG Ally also offers ample storage and memory options to keep all your games and files within easy reach. You can expand and customize it to meet your specific needs, ensuring you’re always prepared for the latest gaming challenges.</p><br> </br><div>[content-image number_of_columns=\"col-2\" quantity=\"2\" image_1=\"main/general/blog-4.png\" image_2=\"main/general/blog-3.png\"][/content-image]</div><div>[content-image number_of_columns=\"col-1\" quantity=\"1\" image_1=\"main/general/blog-5.png\"][/content-image]</div><h3>Features & configurations</h3><div>[content-listing-style number_of_columns=\"col-1\" quantity=\"6\" item_1=\"350-mile range (the bar is 300 miles)\" item_2=\"Your smartphone can be your key to the vehicle\" item_3=\"Reverse charging, so your car can power your house during a power outage\" item_4=\"An impressive 0-60 time of around 3.6 seconds (I like performance)\" item_5=\"A solar panel roof to increase range and supply emergency power\" item_6=\"Convertible-like mode (which really opens the car up)\"][/content-listing-style]</div><p>Asus ROG Ally is your ticket to affordable gaming excellence. With a starting price of just $600, it’s a game-changer that will take your gaming adventures to the next level. Whether you’re a student, a professional, or just someone looking for a fantastic gaming experience without breaking the bank, the Asus ROG Ally with AMD Z1 is your ideal companion. Grab yours now and prepare to dominate the gaming world!</p><br> </br>','published',4,'Botble\\Member\\Models\\Member',0,'ai/news/11.jpg',1516,NULL,'2025-12-24 07:29:05','2025-12-24 07:29:05'),(12,'The Future of AI: Trends and Predictions','Explore the future of artificial intelligence and emerging trends in the field. From explainable AI to AI ethics, delve into the challenges and opportunities that lie ahead as AI continues to evolve and transform industries.','<p>The title conveys a sense of confidence that the economy will weather the banking crisis without suffering severe damage. The term \"banking crisis\" likely refers to a situation where financial institutions face significant challenges, such as insolvency, liquidity problems, or other issues that could affect the stability of the financial sector.</p><div>[content-quote style=\"style-2\" quote=\"Life Imposes Things On You That You Can’t Control, But You Still Have The Choice Of How You’re Going To Live Through This\" author=\"Celine Dion\" description=\"Acknowledgment of Life’s Challenges: The quote recognizes that life can be unpredictable and present challenges, obstacles, and hardships that are beyond an individual’s control. It emphasizes that adversity is a natural part of the human experience.\" top_left_image=\"main/general/blog-shape-image.png\"][/content-quote]</div><h3>I love how relaxed and flowy this dress is and that it has really delicate</h3><p>Indulge in the epitome of comfort and style with our \"Relaxed and Flowy\" dress, a masterpiece of delicate design and effortless elegance. This dress offers the perfect blend of comfort and sophistication, allowing you to move gracefully through any occasion. Crafted with meticulous attention to detail, its delicate fabric and relaxed silhouette make it a wardrobe essential for those who appreciate both style and comfort. Whether you’re strolling through a garden party or enjoying a serene evening out, this dress will be your trusted companion. Discover the beauty of ease and elegance with this exquisite garment.</p><br> </br><div>[content-image number_of_columns=\"col-2\" quantity=\"2\" image_1=\"main/news/3.jpg\" image_2=\"main/news/7.jpg\"][/content-image]</div><div>[content-capitalize text=\"Step into the world of tranquility and charm with our Relaxed and Flowy dress. Its effortless design is a testament to the beauty of simplicity. The gentle, delicate fabric cascades with every movement, creating a mesmerizing dance of fabric and form. This dress embraces you in a feeling of relaxation and freedom, making it perfect for those serene, carefree moments you cherish\"][/content-capitalize]</div><div>[content-capitalize blog_content=\"This dress has a captivating allure with its relaxed and flowy silhouette that exudes a sense of effortlessness. What truly sets it apart are the exquisite, delicate details that adorn the fabric. The dress strikes a harmonious balance between comfort and sophistication, making it a perfect choice for those who value both the ease of relaxed attire and the subtle, intricate beauty that these delicate features bring to the overall design.\"][/content-capitalize]</div><p>It encourages taking personal responsibility for one’s responses to life’s trials. Even when faced with difficult circumstances, individuals have the autonomy to choose their emotional and behavioral reactions.</p><br> </br><p>The subtle details and the relaxed fit come together to create an ensemble that effortlessly combines fashion and comfort. Whether you’re attending a summer soirée or savoring a quiet day by the beach, this dress will be your go-to choice for a look that is both relaxed and elegantly delicate. Elevate your style with this captivating dress that celebrates the beauty of flowy, effortless fashion.\"</p><br> </br><br> </br>','published',2,'Botble\\Member\\Models\\Member',0,'ai/news/12.jpg',222,NULL,'2025-12-24 07:29:05','2025-12-24 07:29:05'),(13,'AI-Powered Personal Assistants: Beyond Siri and Alexa','Discover the latest advancements in AI-powered personal assistants and virtual agents. From natural language understanding to context-aware recommendations, explore how these technologies are revolutionizing the way we interact with computers and devices.','<p>Introducing the Asus ROG Ally, your ultimate gaming companion that won’t compromise your budget. Packed with the high-performance AMD Z1 processor, this gaming laptop redefines what’s possible in the sub-$600 price range. Whether you’re a casual gamer or a hardcore enthusiast, the Asus ROG Ally has you covered with its impressive hardware and affordability.</p><h3>Data Center Loading & Security</h3><p>The Asus ROG Ally: Unleash Gaming Power on a Budget! Starting at just $600, this gaming marvel is powered by the formidable AMD Z1 processor. Get ready for an immersive gaming experience that won’t break the bank, as the Asus ROG Ally combines affordability with cutting-edge technology to ensure you conquer virtual worlds like a true champion.</p><h3>Advance Features</h3><div>[content-listing-style number_of_columns=\"col-2\" quantity=\"6\" item_1=\"Affordable Gaming Power\" item_2=\"AMD Z1 Processor\" item_3=\"Stylish Design\" item_4=\"High-Refresh-Rate Display\" item_5=\"Expandable Storage and Memory\" item_6=\"Gaming Excellence on a Budget\"][/content-listing-style]</div><p>The Asus ROG Ally also offers ample storage and memory options to keep all your games and files within easy reach. You can expand and customize it to meet your specific needs, ensuring you’re always prepared for the latest gaming challenges.</p><br> </br><div>[content-image number_of_columns=\"col-2\" quantity=\"2\" image_1=\"main/general/blog-4.png\" image_2=\"main/general/blog-3.png\"][/content-image]</div><div>[content-image number_of_columns=\"col-1\" quantity=\"1\" image_1=\"main/general/blog-5.png\"][/content-image]</div><h3>Features & configurations</h3><div>[content-listing-style number_of_columns=\"col-1\" quantity=\"6\" item_1=\"350-mile range (the bar is 300 miles)\" item_2=\"Your smartphone can be your key to the vehicle\" item_3=\"Reverse charging, so your car can power your house during a power outage\" item_4=\"An impressive 0-60 time of around 3.6 seconds (I like performance)\" item_5=\"A solar panel roof to increase range and supply emergency power\" item_6=\"Convertible-like mode (which really opens the car up)\"][/content-listing-style]</div><p>Asus ROG Ally is your ticket to affordable gaming excellence. With a starting price of just $600, it’s a game-changer that will take your gaming adventures to the next level. Whether you’re a student, a professional, or just someone looking for a fantastic gaming experience without breaking the bank, the Asus ROG Ally with AMD Z1 is your ideal companion. Grab yours now and prepare to dominate the gaming world!</p><br> </br>','published',4,'Botble\\Member\\Models\\Member',0,'ai/news/13.jpg',2213,NULL,'2025-12-24 07:29:05','2025-12-24 07:29:05'),(14,'AI for Social Good: Addressing Global Challenges','Learn about the role of artificial intelligence in addressing global challenges and promoting social good. From disaster response to healthcare access, explore how AI is being used to tackle some of the world\'s most pressing issues and create positive change.','<p>The title conveys a sense of confidence that the economy will weather the banking crisis without suffering severe damage. The term \"banking crisis\" likely refers to a situation where financial institutions face significant challenges, such as insolvency, liquidity problems, or other issues that could affect the stability of the financial sector.</p><div>[content-quote style=\"style-2\" quote=\"Life Imposes Things On You That You Can’t Control, But You Still Have The Choice Of How You’re Going To Live Through This\" author=\"Celine Dion\" description=\"Acknowledgment of Life’s Challenges: The quote recognizes that life can be unpredictable and present challenges, obstacles, and hardships that are beyond an individual’s control. It emphasizes that adversity is a natural part of the human experience.\" top_left_image=\"main/general/blog-shape-image.png\"][/content-quote]</div><h3>I love how relaxed and flowy this dress is and that it has really delicate</h3><p>Indulge in the epitome of comfort and style with our \"Relaxed and Flowy\" dress, a masterpiece of delicate design and effortless elegance. This dress offers the perfect blend of comfort and sophistication, allowing you to move gracefully through any occasion. Crafted with meticulous attention to detail, its delicate fabric and relaxed silhouette make it a wardrobe essential for those who appreciate both style and comfort. Whether you’re strolling through a garden party or enjoying a serene evening out, this dress will be your trusted companion. Discover the beauty of ease and elegance with this exquisite garment.</p><br> </br><div>[content-image number_of_columns=\"col-2\" quantity=\"2\" image_1=\"main/news/3.jpg\" image_2=\"main/news/7.jpg\"][/content-image]</div><div>[content-capitalize text=\"Step into the world of tranquility and charm with our Relaxed and Flowy dress. Its effortless design is a testament to the beauty of simplicity. The gentle, delicate fabric cascades with every movement, creating a mesmerizing dance of fabric and form. This dress embraces you in a feeling of relaxation and freedom, making it perfect for those serene, carefree moments you cherish\"][/content-capitalize]</div><div>[content-capitalize blog_content=\"This dress has a captivating allure with its relaxed and flowy silhouette that exudes a sense of effortlessness. What truly sets it apart are the exquisite, delicate details that adorn the fabric. The dress strikes a harmonious balance between comfort and sophistication, making it a perfect choice for those who value both the ease of relaxed attire and the subtle, intricate beauty that these delicate features bring to the overall design.\"][/content-capitalize]</div><p>It encourages taking personal responsibility for one’s responses to life’s trials. Even when faced with difficult circumstances, individuals have the autonomy to choose their emotional and behavioral reactions.</p><br> </br><p>The subtle details and the relaxed fit come together to create an ensemble that effortlessly combines fashion and comfort. Whether you’re attending a summer soirée or savoring a quiet day by the beach, this dress will be your go-to choice for a look that is both relaxed and elegantly delicate. Elevate your style with this captivating dress that celebrates the beauty of flowy, effortless fashion.\"</p><br> </br><br> </br>','published',7,'Botble\\Member\\Models\\Member',0,'ai/news/14.jpg',334,NULL,'2025-12-24 07:29:05','2025-12-24 07:29:05'),(15,'The Ethics of AI: Bias, Fairness, and Accountability','Examine the ethical considerations surrounding the development and deployment of artificial intelligence. From algorithmic bias to data privacy, explore the principles and practices that ensure AI is developed and used responsibly.','<p>Our mission is to assist you in achieving better financial shape, not just for today, but for the long term. We believe that financial security and freedom are within reach for everyone, and we’re dedicated to providing the guidance and support you need to get there.</p><div>[content-quote author=\"Celine Dion\" quote=\"‘‘Life Imposes Things On You That You Can’t Control, But You Still Have The Choice Of How You’re Going To Live Through This.’’\"][/content-quote]</div><div>[content-image number_of_columns=\"col-2\" quantity=\"2\" image_1=\"main/news/6.jpg\" image_2=\"main/news/2.jpg\"][/content-image]</div><h3>Better financial shape</h3><p>Our comprehensive range of financial services and expert guidance are designed to empower individuals, families, and businesses to make informed financial decisions. Whether you’re looking to manage debt, build savings, invest wisely, or plan for retirement, our team of seasoned financial professionals is committed to helping you reach your goals. We offer personalized financial assessments, tailored strategies, and cutting-edge tools to maximize your financial well-being. By partnering with us, you gain access to a wealth of knowledge and resources that can transform your financial future.</p><div>[content-listing-style style=\"style-1\" quantity=\"6\" item_1=\"Diverse Solutions Guidance.\" item_2=\"Professionals Assisting You.\" item_3=\"Tailored Strategies for Success.\" item_4=\"Informed Decisions with Technology.\" item_5=\"Health Assessments Provided.\" item_6=\"Strategies for Building Prosperity.\"][/content-listing-style]</div><p>Achieving financial stability and prosperity is a shared goal we all aspire to. At Echo, we understand the significance of being in better financial shape, and we are here to guide you on your journey.</p><br> </br><br> </br>','published',6,'Botble\\Member\\Models\\Member',0,'ai/news/15.jpg',1718,NULL,'2025-12-24 07:29:05','2025-12-24 07:29:05'),(16,'Advancements in AI Hardware: GPUs, TPUs, and Beyond','Explore the latest advancements in AI hardware and accelerators, from graphics processing units (GPUs) to tensor processing units (TPUs). Learn how these specialized chips are powering the next generation of AI applications and driving innovation in the field.','<p>The title conveys a sense of confidence that the economy will weather the banking crisis without suffering severe damage. The term \"banking crisis\" likely refers to a situation where financial institutions face significant challenges, such as insolvency, liquidity problems, or other issues that could affect the stability of the financial sector.</p><div>[content-quote style=\"style-2\" quote=\"Life Imposes Things On You That You Can’t Control, But You Still Have The Choice Of How You’re Going To Live Through This\" author=\"Celine Dion\" description=\"Acknowledgment of Life’s Challenges: The quote recognizes that life can be unpredictable and present challenges, obstacles, and hardships that are beyond an individual’s control. It emphasizes that adversity is a natural part of the human experience.\" top_left_image=\"main/general/blog-shape-image.png\"][/content-quote]</div><h3>I love how relaxed and flowy this dress is and that it has really delicate</h3><p>Indulge in the epitome of comfort and style with our \"Relaxed and Flowy\" dress, a masterpiece of delicate design and effortless elegance. This dress offers the perfect blend of comfort and sophistication, allowing you to move gracefully through any occasion. Crafted with meticulous attention to detail, its delicate fabric and relaxed silhouette make it a wardrobe essential for those who appreciate both style and comfort. Whether you’re strolling through a garden party or enjoying a serene evening out, this dress will be your trusted companion. Discover the beauty of ease and elegance with this exquisite garment.</p><br> </br><div>[content-image number_of_columns=\"col-2\" quantity=\"2\" image_1=\"main/news/3.jpg\" image_2=\"main/news/7.jpg\"][/content-image]</div><div>[content-capitalize text=\"Step into the world of tranquility and charm with our Relaxed and Flowy dress. Its effortless design is a testament to the beauty of simplicity. The gentle, delicate fabric cascades with every movement, creating a mesmerizing dance of fabric and form. This dress embraces you in a feeling of relaxation and freedom, making it perfect for those serene, carefree moments you cherish\"][/content-capitalize]</div><div>[content-capitalize blog_content=\"This dress has a captivating allure with its relaxed and flowy silhouette that exudes a sense of effortlessness. What truly sets it apart are the exquisite, delicate details that adorn the fabric. The dress strikes a harmonious balance between comfort and sophistication, making it a perfect choice for those who value both the ease of relaxed attire and the subtle, intricate beauty that these delicate features bring to the overall design.\"][/content-capitalize]</div><p>It encourages taking personal responsibility for one’s responses to life’s trials. Even when faced with difficult circumstances, individuals have the autonomy to choose their emotional and behavioral reactions.</p><br> </br><p>The subtle details and the relaxed fit come together to create an ensemble that effortlessly combines fashion and comfort. Whether you’re attending a summer soirée or savoring a quiet day by the beach, this dress will be your go-to choice for a look that is both relaxed and elegantly delicate. Elevate your style with this captivating dress that celebrates the beauty of flowy, effortless fashion.\"</p><br> </br><br> </br>','published',4,'Botble\\Member\\Models\\Member',0,'ai/news/16.jpg',1195,NULL,'2025-12-24 07:29:05','2025-12-24 07:29:05'),(17,'AI in Education: Personalized Learning and Adaptive Assessments','Discover how artificial intelligence is transforming education through personalized learning and adaptive assessments. From intelligent tutoring systems to automated grading, explore how AI is revolutionizing teaching and learning in classrooms around the world.','<p>Introducing the Asus ROG Ally, your ultimate gaming companion that won’t compromise your budget. Packed with the high-performance AMD Z1 processor, this gaming laptop redefines what’s possible in the sub-$600 price range. Whether you’re a casual gamer or a hardcore enthusiast, the Asus ROG Ally has you covered with its impressive hardware and affordability.</p><h3>Data Center Loading & Security</h3><p>The Asus ROG Ally: Unleash Gaming Power on a Budget! Starting at just $600, this gaming marvel is powered by the formidable AMD Z1 processor. Get ready for an immersive gaming experience that won’t break the bank, as the Asus ROG Ally combines affordability with cutting-edge technology to ensure you conquer virtual worlds like a true champion.</p><h3>Advance Features</h3><div>[content-listing-style number_of_columns=\"col-2\" quantity=\"6\" item_1=\"Affordable Gaming Power\" item_2=\"AMD Z1 Processor\" item_3=\"Stylish Design\" item_4=\"High-Refresh-Rate Display\" item_5=\"Expandable Storage and Memory\" item_6=\"Gaming Excellence on a Budget\"][/content-listing-style]</div><p>The Asus ROG Ally also offers ample storage and memory options to keep all your games and files within easy reach. You can expand and customize it to meet your specific needs, ensuring you’re always prepared for the latest gaming challenges.</p><br> </br><div>[content-image number_of_columns=\"col-2\" quantity=\"2\" image_1=\"main/general/blog-4.png\" image_2=\"main/general/blog-3.png\"][/content-image]</div><div>[content-image number_of_columns=\"col-1\" quantity=\"1\" image_1=\"main/general/blog-5.png\"][/content-image]</div><h3>Features & configurations</h3><div>[content-listing-style number_of_columns=\"col-1\" quantity=\"6\" item_1=\"350-mile range (the bar is 300 miles)\" item_2=\"Your smartphone can be your key to the vehicle\" item_3=\"Reverse charging, so your car can power your house during a power outage\" item_4=\"An impressive 0-60 time of around 3.6 seconds (I like performance)\" item_5=\"A solar panel roof to increase range and supply emergency power\" item_6=\"Convertible-like mode (which really opens the car up)\"][/content-listing-style]</div><p>Asus ROG Ally is your ticket to affordable gaming excellence. With a starting price of just $600, it’s a game-changer that will take your gaming adventures to the next level. Whether you’re a student, a professional, or just someone looking for a fantastic gaming experience without breaking the bank, the Asus ROG Ally with AMD Z1 is your ideal companion. Grab yours now and prepare to dominate the gaming world!</p><br> </br>','published',2,'Botble\\Member\\Models\\Member',0,'ai/news/17.jpg',1692,NULL,'2025-12-24 07:29:05','2025-12-24 07:29:05'),(18,'AI in Agriculture: Precision Farming and Crop Monitoring','Learn about the applications of artificial intelligence in agriculture and farming. From precision farming to crop monitoring, explore how AI-powered technologies are optimizing agricultural processes and improving crop yields.','<p>Our mission is to assist you in achieving better financial shape, not just for today, but for the long term. We believe that financial security and freedom are within reach for everyone, and we’re dedicated to providing the guidance and support you need to get there.</p><div>[content-quote author=\"Celine Dion\" quote=\"‘‘Life Imposes Things On You That You Can’t Control, But You Still Have The Choice Of How You’re Going To Live Through This.’’\"][/content-quote]</div><div>[content-image number_of_columns=\"col-2\" quantity=\"2\" image_1=\"main/news/6.jpg\" image_2=\"main/news/2.jpg\"][/content-image]</div><h3>Better financial shape</h3><p>Our comprehensive range of financial services and expert guidance are designed to empower individuals, families, and businesses to make informed financial decisions. Whether you’re looking to manage debt, build savings, invest wisely, or plan for retirement, our team of seasoned financial professionals is committed to helping you reach your goals. We offer personalized financial assessments, tailored strategies, and cutting-edge tools to maximize your financial well-being. By partnering with us, you gain access to a wealth of knowledge and resources that can transform your financial future.</p><div>[content-listing-style style=\"style-1\" quantity=\"6\" item_1=\"Diverse Solutions Guidance.\" item_2=\"Professionals Assisting You.\" item_3=\"Tailored Strategies for Success.\" item_4=\"Informed Decisions with Technology.\" item_5=\"Health Assessments Provided.\" item_6=\"Strategies for Building Prosperity.\"][/content-listing-style]</div><p>Achieving financial stability and prosperity is a shared goal we all aspire to. At Echo, we understand the significance of being in better financial shape, and we are here to guide you on your journey.</p><br> </br><br> </br>','published',3,'Botble\\Member\\Models\\Member',0,'ai/news/18.jpg',1236,NULL,'2025-12-24 07:29:05','2025-12-24 07:29:05'),(19,'AI in Transportation: Autonomous Vehicles and Traffic Management','Explore the role of artificial intelligence in transportation and mobility. From self-driving cars to intelligent traffic management systems, discover how AI is revolutionizing the way we move people and goods.','<p>Our mission is to assist you in achieving better financial shape, not just for today, but for the long term. We believe that financial security and freedom are within reach for everyone, and we’re dedicated to providing the guidance and support you need to get there.</p><div>[content-quote author=\"Celine Dion\" quote=\"‘‘Life Imposes Things On You That You Can’t Control, But You Still Have The Choice Of How You’re Going To Live Through This.’’\"][/content-quote]</div><div>[content-image number_of_columns=\"col-2\" quantity=\"2\" image_1=\"main/news/6.jpg\" image_2=\"main/news/2.jpg\"][/content-image]</div><h3>Better financial shape</h3><p>Our comprehensive range of financial services and expert guidance are designed to empower individuals, families, and businesses to make informed financial decisions. Whether you’re looking to manage debt, build savings, invest wisely, or plan for retirement, our team of seasoned financial professionals is committed to helping you reach your goals. We offer personalized financial assessments, tailored strategies, and cutting-edge tools to maximize your financial well-being. By partnering with us, you gain access to a wealth of knowledge and resources that can transform your financial future.</p><div>[content-listing-style style=\"style-1\" quantity=\"6\" item_1=\"Diverse Solutions Guidance.\" item_2=\"Professionals Assisting You.\" item_3=\"Tailored Strategies for Success.\" item_4=\"Informed Decisions with Technology.\" item_5=\"Health Assessments Provided.\" item_6=\"Strategies for Building Prosperity.\"][/content-listing-style]</div><p>Achieving financial stability and prosperity is a shared goal we all aspire to. At Echo, we understand the significance of being in better financial shape, and we are here to guide you on your journey.</p><br> </br><br> </br>','published',3,'Botble\\Member\\Models\\Member',0,'ai/news/19.jpg',1644,NULL,'2025-12-24 07:29:05','2025-12-24 07:29:05');
/*!40000 ALTER TABLE `posts` ENABLE KEYS */;
UNLOCK TABLES;

--
-- Table structure for table `posts_translations`
--

DROP TABLE IF EXISTS `posts_translations`;
/*!40101 SET @saved_cs_client     = @@character_set_client */;
/*!50503 SET character_set_client = utf8mb4 */;
CREATE TABLE `posts_translations` (
  `lang_code` varchar(20) COLLATE utf8mb4_unicode_ci NOT NULL,
  `posts_id` bigint unsigned NOT NULL,
  `name` varchar(191) COLLATE utf8mb4_unicode_ci DEFAULT NULL,
  `description` varchar(400) COLLATE utf8mb4_unicode_ci DEFAULT NULL,
  `content` longtext COLLATE utf8mb4_unicode_ci,
  PRIMARY KEY (`lang_code`,`posts_id`),
  KEY `idx_posts_trans_posts_id` (`posts_id`),
  KEY `idx_posts_trans_post_lang` (`posts_id`,`lang_code`)
) ENGINE=InnoDB DEFAULT CHARSET=utf8mb4 COLLATE=utf8mb4_unicode_ci;
/*!40101 SET character_set_client = @saved_cs_client */;

--
-- Dumping data for table `posts_translations`
--

LOCK TABLES `posts_translations` WRITE;
/*!40000 ALTER TABLE `posts_translations` DISABLE KEYS */;
/*!40000 ALTER TABLE `posts_translations` ENABLE KEYS */;
UNLOCK TABLES;

--
-- Table structure for table `push_notification_recipients`
--

DROP TABLE IF EXISTS `push_notification_recipients`;
/*!40101 SET @saved_cs_client     = @@character_set_client */;
/*!50503 SET character_set_client = utf8mb4 */;
CREATE TABLE `push_notification_recipients` (
  `id` bigint unsigned NOT NULL AUTO_INCREMENT,
  `push_notification_id` bigint unsigned NOT NULL,
  `user_type` varchar(50) COLLATE utf8mb4_unicode_ci NOT NULL,
  `user_id` bigint unsigned NOT NULL,
  `device_token` varchar(191) COLLATE utf8mb4_unicode_ci DEFAULT NULL,
  `platform` varchar(20) COLLATE utf8mb4_unicode_ci DEFAULT NULL,
  `status` varchar(20) COLLATE utf8mb4_unicode_ci NOT NULL DEFAULT 'sent',
  `sent_at` timestamp NULL DEFAULT NULL,
  `delivered_at` timestamp NULL DEFAULT NULL,
  `read_at` timestamp NULL DEFAULT NULL,
  `clicked_at` timestamp NULL DEFAULT NULL,
  `fcm_response` json DEFAULT NULL,
  `error_message` varchar(191) COLLATE utf8mb4_unicode_ci DEFAULT NULL,
  `created_at` timestamp NULL DEFAULT NULL,
  `updated_at` timestamp NULL DEFAULT NULL,
  PRIMARY KEY (`id`),
  KEY `pnr_notification_user_index` (`push_notification_id`,`user_type`,`user_id`),
  KEY `pnr_user_status_index` (`user_type`,`user_id`,`status`),
  KEY `pnr_user_read_index` (`user_type`,`user_id`,`read_at`),
  KEY `pnr_status_index` (`status`)
) ENGINE=InnoDB DEFAULT CHARSET=utf8mb4 COLLATE=utf8mb4_unicode_ci;
/*!40101 SET character_set_client = @saved_cs_client */;

--
-- Dumping data for table `push_notification_recipients`
--

LOCK TABLES `push_notification_recipients` WRITE;
/*!40000 ALTER TABLE `push_notification_recipients` DISABLE KEYS */;
/*!40000 ALTER TABLE `push_notification_recipients` ENABLE KEYS */;
UNLOCK TABLES;

--
-- Table structure for table `push_notifications`
--

DROP TABLE IF EXISTS `push_notifications`;
/*!40101 SET @saved_cs_client     = @@character_set_client */;
/*!50503 SET character_set_client = utf8mb4 */;
CREATE TABLE `push_notifications` (
  `id` bigint unsigned NOT NULL AUTO_INCREMENT,
  `title` varchar(191) COLLATE utf8mb4_unicode_ci NOT NULL,
  `message` text COLLATE utf8mb4_unicode_ci NOT NULL,
  `type` varchar(191) COLLATE utf8mb4_unicode_ci NOT NULL DEFAULT 'general',
  `target_type` varchar(191) COLLATE utf8mb4_unicode_ci DEFAULT NULL,
  `target_value` varchar(191) COLLATE utf8mb4_unicode_ci DEFAULT NULL,
  `action_url` varchar(191) COLLATE utf8mb4_unicode_ci DEFAULT NULL,
  `image_url` varchar(191) COLLATE utf8mb4_unicode_ci DEFAULT NULL,
  `data` json DEFAULT NULL,
  `status` varchar(191) COLLATE utf8mb4_unicode_ci NOT NULL DEFAULT 'sent',
  `sent_count` int NOT NULL DEFAULT '0',
  `failed_count` int NOT NULL DEFAULT '0',
  `delivered_count` int NOT NULL DEFAULT '0',
  `read_count` int NOT NULL DEFAULT '0',
  `scheduled_at` timestamp NULL DEFAULT NULL,
  `sent_at` timestamp NULL DEFAULT NULL,
  `created_by` bigint unsigned DEFAULT NULL,
  `created_at` timestamp NULL DEFAULT NULL,
  `updated_at` timestamp NULL DEFAULT NULL,
  PRIMARY KEY (`id`),
  KEY `push_notifications_type_created_at_index` (`type`,`created_at`),
  KEY `push_notifications_status_scheduled_at_index` (`status`,`scheduled_at`),
  KEY `push_notifications_created_by_index` (`created_by`)
) ENGINE=InnoDB DEFAULT CHARSET=utf8mb4 COLLATE=utf8mb4_unicode_ci;
/*!40101 SET character_set_client = @saved_cs_client */;

--
-- Dumping data for table `push_notifications`
--

LOCK TABLES `push_notifications` WRITE;
/*!40000 ALTER TABLE `push_notifications` DISABLE KEYS */;
/*!40000 ALTER TABLE `push_notifications` ENABLE KEYS */;
UNLOCK TABLES;

--
-- Table structure for table `request_logs`
--

DROP TABLE IF EXISTS `request_logs`;
/*!40101 SET @saved_cs_client     = @@character_set_client */;
/*!50503 SET character_set_client = utf8mb4 */;
CREATE TABLE `request_logs` (
  `id` bigint unsigned NOT NULL AUTO_INCREMENT,
  `status_code` int DEFAULT NULL,
  `url` varchar(191) COLLATE utf8mb4_unicode_ci DEFAULT NULL,
  `count` int unsigned NOT NULL DEFAULT '0',
  `user_id` varchar(191) COLLATE utf8mb4_unicode_ci DEFAULT NULL,
  `referrer` text COLLATE utf8mb4_unicode_ci,
  `created_at` timestamp NULL DEFAULT NULL,
  `updated_at` timestamp NULL DEFAULT NULL,
  PRIMARY KEY (`id`)
) ENGINE=InnoDB DEFAULT CHARSET=utf8mb4 COLLATE=utf8mb4_unicode_ci;
/*!40101 SET character_set_client = @saved_cs_client */;

--
-- Dumping data for table `request_logs`
--

LOCK TABLES `request_logs` WRITE;
/*!40000 ALTER TABLE `request_logs` DISABLE KEYS */;
/*!40000 ALTER TABLE `request_logs` ENABLE KEYS */;
UNLOCK TABLES;

--
-- Table structure for table `revisions`
--

DROP TABLE IF EXISTS `revisions`;
/*!40101 SET @saved_cs_client     = @@character_set_client */;
/*!50503 SET character_set_client = utf8mb4 */;
CREATE TABLE `revisions` (
  `id` bigint unsigned NOT NULL AUTO_INCREMENT,
  `revisionable_type` varchar(191) COLLATE utf8mb4_unicode_ci NOT NULL,
  `revisionable_id` bigint unsigned NOT NULL,
  `user_id` bigint unsigned DEFAULT NULL,
  `key` varchar(120) COLLATE utf8mb4_unicode_ci NOT NULL,
  `old_value` text COLLATE utf8mb4_unicode_ci,
  `new_value` text COLLATE utf8mb4_unicode_ci,
  `created_at` timestamp NULL DEFAULT NULL,
  `updated_at` timestamp NULL DEFAULT NULL,
  PRIMARY KEY (`id`),
  KEY `revisions_revisionable_id_revisionable_type_index` (`revisionable_id`,`revisionable_type`)
) ENGINE=InnoDB DEFAULT CHARSET=utf8mb4 COLLATE=utf8mb4_unicode_ci;
/*!40101 SET character_set_client = @saved_cs_client */;

--
-- Dumping data for table `revisions`
--

LOCK TABLES `revisions` WRITE;
/*!40000 ALTER TABLE `revisions` DISABLE KEYS */;
/*!40000 ALTER TABLE `revisions` ENABLE KEYS */;
UNLOCK TABLES;

--
-- Table structure for table `role_users`
--

DROP TABLE IF EXISTS `role_users`;
/*!40101 SET @saved_cs_client     = @@character_set_client */;
/*!50503 SET character_set_client = utf8mb4 */;
CREATE TABLE `role_users` (
  `user_id` bigint unsigned NOT NULL,
  `role_id` bigint unsigned NOT NULL,
  `created_at` timestamp NULL DEFAULT NULL,
  `updated_at` timestamp NULL DEFAULT NULL,
  PRIMARY KEY (`user_id`,`role_id`),
  KEY `role_users_user_id_index` (`user_id`),
  KEY `role_users_role_id_index` (`role_id`)
) ENGINE=InnoDB DEFAULT CHARSET=utf8mb4 COLLATE=utf8mb4_unicode_ci;
/*!40101 SET character_set_client = @saved_cs_client */;

--
-- Dumping data for table `role_users`
--

LOCK TABLES `role_users` WRITE;
/*!40000 ALTER TABLE `role_users` DISABLE KEYS */;
/*!40000 ALTER TABLE `role_users` ENABLE KEYS */;
UNLOCK TABLES;

--
-- Table structure for table `roles`
--

DROP TABLE IF EXISTS `roles`;
/*!40101 SET @saved_cs_client     = @@character_set_client */;
/*!50503 SET character_set_client = utf8mb4 */;
CREATE TABLE `roles` (
  `id` bigint unsigned NOT NULL AUTO_INCREMENT,
  `slug` varchar(120) COLLATE utf8mb4_unicode_ci NOT NULL,
  `name` varchar(120) COLLATE utf8mb4_unicode_ci NOT NULL,
  `permissions` text COLLATE utf8mb4_unicode_ci,
  `description` varchar(400) COLLATE utf8mb4_unicode_ci DEFAULT NULL,
  `is_default` tinyint unsigned NOT NULL DEFAULT '0',
  `created_by` bigint unsigned NOT NULL,
  `updated_by` bigint unsigned NOT NULL,
  `created_at` timestamp NULL DEFAULT NULL,
  `updated_at` timestamp NULL DEFAULT NULL,
  PRIMARY KEY (`id`),
  UNIQUE KEY `roles_slug_unique` (`slug`),
  KEY `roles_created_by_index` (`created_by`),
  KEY `roles_updated_by_index` (`updated_by`)
) ENGINE=InnoDB AUTO_INCREMENT=2 DEFAULT CHARSET=utf8mb4 COLLATE=utf8mb4_unicode_ci;
/*!40101 SET character_set_client = @saved_cs_client */;

--
-- Dumping data for table `roles`
--

LOCK TABLES `roles` WRITE;
/*!40000 ALTER TABLE `roles` DISABLE KEYS */;
INSERT INTO `roles` VALUES (1,'admin','Admin','{\"users.index\":true,\"users.create\":true,\"users.edit\":true,\"users.destroy\":true,\"roles.index\":true,\"roles.create\":true,\"roles.edit\":true,\"roles.destroy\":true,\"core.system\":true,\"core.cms\":true,\"core.manage.license\":true,\"systems.cronjob\":true,\"core.tools\":true,\"tools.data-synchronize\":true,\"media.index\":true,\"files.index\":true,\"files.create\":true,\"files.edit\":true,\"files.trash\":true,\"files.destroy\":true,\"folders.index\":true,\"folders.create\":true,\"folders.edit\":true,\"folders.trash\":true,\"folders.destroy\":true,\"settings.index\":true,\"settings.common\":true,\"settings.options\":true,\"settings.email\":true,\"settings.media\":true,\"settings.admin-appearance\":true,\"settings.cache\":true,\"settings.datatables\":true,\"settings.email.rules\":true,\"settings.phone-number\":true,\"settings.others\":true,\"menus.index\":true,\"menus.create\":true,\"menus.edit\":true,\"menus.destroy\":true,\"optimize.settings\":true,\"pages.index\":true,\"pages.create\":true,\"pages.edit\":true,\"pages.destroy\":true,\"plugins.index\":true,\"plugins.edit\":true,\"plugins.remove\":true,\"plugins.marketplace\":true,\"sitemap.settings\":true,\"core.appearance\":true,\"theme.index\":true,\"theme.activate\":true,\"theme.remove\":true,\"theme.options\":true,\"theme.custom-css\":true,\"theme.custom-js\":true,\"theme.custom-html\":true,\"theme.robots-txt\":true,\"settings.website-tracking\":true,\"widgets.index\":true,\"ads.index\":true,\"ads.create\":true,\"ads.edit\":true,\"ads.destroy\":true,\"ads.settings\":true,\"analytics.general\":true,\"analytics.page\":true,\"analytics.browser\":true,\"analytics.referrer\":true,\"analytics.settings\":true,\"announcements.index\":true,\"announcements.create\":true,\"announcements.edit\":true,\"announcements.destroy\":true,\"announcements.settings\":true,\"audit-log.index\":true,\"audit-log.destroy\":true,\"backups.index\":true,\"backups.create\":true,\"backups.restore\":true,\"backups.destroy\":true,\"plugins.blog\":true,\"posts.index\":true,\"posts.create\":true,\"posts.edit\":true,\"posts.destroy\":true,\"categories.index\":true,\"categories.create\":true,\"categories.edit\":true,\"categories.destroy\":true,\"tags.index\":true,\"blog.reports\":true,\"tags.create\":true,\"tags.edit\":true,\"tags.destroy\":true,\"blog.settings\":true,\"posts.export\":true,\"posts.import\":true,\"captcha.settings\":true,\"contacts.index\":true,\"contacts.edit\":true,\"contacts.destroy\":true,\"contact.custom-fields\":true,\"contact.settings\":true,\"fob-comment.index\":true,\"fob-comment.comments.index\":true,\"fob-comment.comments.edit\":true,\"fob-comment.comments.destroy\":true,\"fob-comment.comments.reply\":true,\"fob-comment.settings\":true,\"galleries.index\":true,\"galleries.create\":true,\"galleries.edit\":true,\"galleries.destroy\":true,\"languages.index\":true,\"languages.create\":true,\"languages.edit\":true,\"languages.destroy\":true,\"translations.import\":true,\"translations.export\":true,\"property-translations.import\":true,\"property-translations.export\":true,\"member.index\":true,\"member.create\":true,\"member.edit\":true,\"member.destroy\":true,\"member.settings\":true,\"newsletter.index\":true,\"newsletter.destroy\":true,\"newsletter.settings\":true,\"request-log.index\":true,\"request-log.destroy\":true,\"social-login.settings\":true,\"plugins.translation\":true,\"translations.locales\":true,\"translations.theme-translations\":true,\"translations.index\":true,\"theme-translations.export\":true,\"other-translations.export\":true,\"theme-translations.import\":true,\"other-translations.import\":true,\"api.settings\":true,\"api.sanctum-token.index\":true,\"api.sanctum-token.create\":true,\"api.sanctum-token.destroy\":true}','Admin users role',1,1,1,'2025-12-24 07:28:54','2025-12-24 07:28:54');
/*!40000 ALTER TABLE `roles` ENABLE KEYS */;
UNLOCK TABLES;

--
-- Table structure for table `sessions`
--

DROP TABLE IF EXISTS `sessions`;
/*!40101 SET @saved_cs_client     = @@character_set_client */;
/*!50503 SET character_set_client = utf8mb4 */;
CREATE TABLE `sessions` (
  `id` varchar(191) COLLATE utf8mb4_unicode_ci NOT NULL,
  `user_id` bigint unsigned DEFAULT NULL,
  `ip_address` varchar(45) COLLATE utf8mb4_unicode_ci DEFAULT NULL,
  `user_agent` text COLLATE utf8mb4_unicode_ci,
  `payload` longtext COLLATE utf8mb4_unicode_ci NOT NULL,
  `last_activity` int NOT NULL,
  PRIMARY KEY (`id`),
  KEY `sessions_user_id_index` (`user_id`),
  KEY `sessions_last_activity_index` (`last_activity`)
) ENGINE=InnoDB DEFAULT CHARSET=utf8mb4 COLLATE=utf8mb4_unicode_ci;
/*!40101 SET character_set_client = @saved_cs_client */;

--
-- Dumping data for table `sessions`
--

LOCK TABLES `sessions` WRITE;
/*!40000 ALTER TABLE `sessions` DISABLE KEYS */;
/*!40000 ALTER TABLE `sessions` ENABLE KEYS */;
UNLOCK TABLES;

--
-- Table structure for table `settings`
--

DROP TABLE IF EXISTS `settings`;
/*!40101 SET @saved_cs_client     = @@character_set_client */;
/*!50503 SET character_set_client = utf8mb4 */;
CREATE TABLE `settings` (
  `id` bigint unsigned NOT NULL AUTO_INCREMENT,
  `key` varchar(191) COLLATE utf8mb4_unicode_ci NOT NULL,
  `value` text COLLATE utf8mb4_unicode_ci,
  `created_at` timestamp NULL DEFAULT NULL,
  `updated_at` timestamp NULL DEFAULT NULL,
  PRIMARY KEY (`id`),
  UNIQUE KEY `settings_key_unique` (`key`)
) ENGINE=InnoDB AUTO_INCREMENT=66 DEFAULT CHARSET=utf8mb4 COLLATE=utf8mb4_unicode_ci;
/*!40101 SET character_set_client = @saved_cs_client */;

--
-- Dumping data for table `settings`
--

LOCK TABLES `settings` WRITE;
/*!40000 ALTER TABLE `settings` DISABLE KEYS */;
INSERT INTO `settings` VALUES (2,'api_enabled','0',NULL,'2025-12-24 07:29:06'),(3,'activated_plugins','[\"language\",\"language-advanced\",\"ads\",\"ai-writer\",\"analytics\",\"announcement\",\"audit-log\",\"backup\",\"blog\",\"captcha\",\"contact\",\"cookie-consent\",\"fob-comment\",\"gallery\",\"member\",\"newsletter\",\"note\",\"request-log\",\"rss-feed\",\"social-login\",\"translation\"]',NULL,'2025-12-24 07:29:06'),(4,'ai_writer_proxy_enable','0',NULL,'2025-12-24 07:29:06'),(5,'ai_writer_proxy_protocol',NULL,NULL,'2025-12-24 07:29:06'),(6,'ai_writer_proxy_ip',NULL,NULL,'2025-12-24 07:29:06'),(7,'ai_writer_proxy_port',NULL,NULL,'2025-12-24 07:29:06'),(8,'ai_writer_proxy_username',NULL,NULL,'2025-12-24 07:29:06'),(9,'ai_writer_proxy_password',NULL,NULL,'2025-12-24 07:29:06'),(10,'ai_writer_prompt_template','[{\"title\":\"Product Content\",\"content\":\"You will be a marketer. I will give the information of the product, you will write an introductory article about that product, the article requires google seo standards and is highly persuasive to increase the rate of users closing orders.\\nParameters product:\"},{\"title\":\"Post Content\",\"content\":\"You will be a marketer. Articles about:\"}]',NULL,'2025-12-24 07:29:06'),(11,'ai_writer_openai_key',NULL,NULL,'2025-12-24 07:29:06'),(12,'ai_writer_openai_temperature','1',NULL,'2025-12-24 07:29:06'),(13,'ai_writer_openai_max_tokens','2000',NULL,'2025-12-24 07:29:06'),(14,'ai_writer_openai_frequency_penalty','0',NULL,'2025-12-24 07:29:06'),(15,'ai_writer_openai_presence_penalty','0',NULL,'2025-12-24 07:29:06'),(16,'ai_writer_openai_models','[\"gpt-3.5-turbo\"]',NULL,'2025-12-24 07:29:06'),(17,'ai_writer_openai_default_model','gpt-3.5-turbo',NULL,'2025-12-24 07:29:06'),(18,'ai_writer_spin_template','[]',NULL,'2025-12-24 07:29:06'),(21,'language_hide_default','1',NULL,'2025-12-24 07:29:06'),(22,'language_switcher_display','dropdown',NULL,'2025-12-24 07:29:06'),(23,'language_display','all',NULL,'2025-12-24 07:29:06'),(24,'language_hide_languages','[]',NULL,'2025-12-24 07:29:06'),(25,'media_random_hash','104c6a1a1ed11f6799d547fab2fe9247',NULL,'2025-12-24 07:29:06'),(26,'theme','echo-ai',NULL,'2025-12-24 07:29:06'),(27,'show_admin_bar','1',NULL,'2025-12-24 07:29:06'),(28,'admin_favicon','main/general/favicon.png',NULL,'2025-12-24 07:29:06'),(29,'admin_logo','main/general/logo-dark.png',NULL,'2025-12-24 07:29:06'),(30,'permalink-botble-blog-models-post','blog',NULL,'2025-12-24 07:29:06'),(31,'permalink-botble-blog-models-category','blog',NULL,'2025-12-24 07:29:06'),(32,'theme-echo-ai-site_name','Echo - AI',NULL,'2025-12-24 07:29:06'),(33,'theme-echo-ai-site_title','News & Magazine Laravel Script.',NULL,'2025-12-24 07:29:06'),(34,'theme-echo-ai-seo_description','Echo is a modern, clean, and professional Laravel script that is suitable for news, magazine, blog, and any kind of website.',NULL,'2025-12-24 07:29:06'),(35,'theme-echo-ai-homepage_id','1',NULL,'2025-12-24 07:29:06'),(36,'theme-echo-ai-logo','ai/general/logo.png',NULL,'2025-12-24 07:29:06'),(37,'theme-echo-ai-logo_dark','ai/general/logo-dark.png',NULL,'2025-12-24 07:29:06'),(38,'theme-echo-ai-favicon','ai/general/favicon.png',NULL,'2025-12-24 07:29:06'),(39,'theme-echo-ai-blog_page_id','4',NULL,'2025-12-24 07:29:06'),(40,'theme-echo-ai-primary_font','Inter',NULL,'2025-12-24 07:29:06'),(41,'theme-echo-ai-heading_font','Jost',NULL,'2025-12-24 07:29:06'),(42,'theme-echo-ai-theme_style','auto',NULL,'2025-12-24 07:29:06'),(43,'theme-echo-ai-secondary_color','#181823',NULL,'2025-12-24 07:29:06'),(44,'theme-echo-ai-breadcrumb_background_image','main/backgrounds/breadcrumb.png',NULL,'2025-12-24 07:29:06'),(45,'theme-echo-ai-breadcrumb_background_color','transparent',NULL,'2025-12-24 07:29:06'),(46,'theme-echo-ai-breadcrumb_text_color','',NULL,'2025-12-24 07:29:06'),(47,'theme-echo-ai-blog_author_style','avatar_start',NULL,'2025-12-24 07:29:06'),(48,'theme-echo-ai-blog_description_style','normal',NULL,'2025-12-24 07:29:06'),(49,'theme-echo-ai-copyright','©%Y Archi Elite JSC. All Rights Reserved.',NULL,'2025-12-24 07:29:06'),(50,'theme-echo-ai-language_switcher_enabled','1',NULL,'2025-12-24 07:29:06'),(51,'theme-echo-ai-newsletter_popup_enable','1',NULL,'2025-12-24 07:29:06'),(52,'theme-echo-ai-newsletter_popup_image','main/general/newsletter-popup.png',NULL,'2025-12-24 07:29:06'),(53,'theme-echo-ai-newsletter_popup_title','Let’s join our newsletter!',NULL,'2025-12-24 07:29:06'),(54,'theme-echo-ai-newsletter_popup_subtitle','Weekly Updates',NULL,'2025-12-24 07:29:06'),(55,'theme-echo-ai-newsletter_popup_description','Do not worry we don’t spam!',NULL,'2025-12-24 07:29:06'),(56,'theme-echo-ai-social_links','[[{\"key\":\"name\",\"value\":\"Facebook\"},{\"key\":\"icon\",\"value\":\"ti ti-brand-facebook\"},{\"key\":\"url\",\"value\":\"https:\\/\\/www.facebook.com\\/\"}],[{\"key\":\"name\",\"value\":\"Instagram\"},{\"key\":\"icon\",\"value\":\"ti ti-brand-instagram\"},{\"key\":\"url\",\"value\":\"https:\\/\\/www.instagram.com\\/\"}],[{\"key\":\"name\",\"value\":\"Twitter\"},{\"key\":\"icon\",\"value\":\"ti ti-brand-x\"},{\"key\":\"url\",\"value\":\"https:\\/\\/www.twitter.com\\/\"}],[{\"key\":\"name\",\"value\":\"YouTube\"},{\"key\":\"icon\",\"value\":\"ti ti-brand-youtube\"},{\"key\":\"url\",\"value\":\"https:\\/\\/www.youtube.com\\/\"}],[{\"key\":\"name\",\"value\":\"Pinterest\"},{\"key\":\"icon\",\"value\":\"ti ti-brand-pinterest\"},{\"key\":\"url\",\"value\":\"https:\\/\\/www.pinterest.com\\/\"}]]',NULL,'2025-12-24 07:29:06'),(57,'theme-echo-ai-social_sharing','[[{\"key\":\"social\",\"value\":\"facebook\"},{\"key\":\"icon\",\"value\":\"ti ti-brand-facebook\"}],[{\"key\":\"social\",\"value\":\"x\"},{\"key\":\"icon\",\"value\":\"ti ti-brand-x\"}],[{\"key\":\"social\",\"value\":\"pinterest\"},{\"key\":\"icon\",\"value\":\"ti ti-brand-pinterest\"}],[{\"key\":\"social\",\"value\":\"linkedin\"},{\"key\":\"icon\",\"value\":\"ti ti-brand-linkedin\"}],[{\"key\":\"social\",\"value\":\"whatsapp\"},{\"key\":\"icon\",\"value\":\"ti ti-brand-whatsapp\"}],[{\"key\":\"social\",\"value\":\"email\"},{\"key\":\"icon\",\"value\":\"ti ti-mail\"}]]',NULL,'2025-12-24 07:29:06'),(58,'theme-echo-ai-primary_color','#7817F2',NULL,'2025-12-24 07:29:06'),(59,'announcement_max_width','1390',NULL,NULL),(60,'announcement_text_color','#fefefe',NULL,NULL),(61,'announcement_background_color','#7817F2',NULL,NULL),(62,'announcement_text_alignment','center',NULL,NULL),(63,'announcement_dismissible','1',NULL,NULL),(64,'announcement_font_size','14',NULL,NULL),(65,'announcement_font_size_unit','px',NULL,NULL);
/*!40000 ALTER TABLE `settings` ENABLE KEYS */;
UNLOCK TABLES;

--
-- Table structure for table `slugs`
--

DROP TABLE IF EXISTS `slugs`;
/*!40101 SET @saved_cs_client     = @@character_set_client */;
/*!50503 SET character_set_client = utf8mb4 */;
CREATE TABLE `slugs` (
  `id` bigint unsigned NOT NULL AUTO_INCREMENT,
  `key` varchar(191) COLLATE utf8mb4_unicode_ci NOT NULL,
  `reference_id` bigint unsigned NOT NULL,
  `reference_type` varchar(191) COLLATE utf8mb4_unicode_ci NOT NULL,
  `prefix` varchar(120) COLLATE utf8mb4_unicode_ci DEFAULT '',
  `created_at` timestamp NULL DEFAULT NULL,
  `updated_at` timestamp NULL DEFAULT NULL,
  PRIMARY KEY (`id`),
  KEY `slugs_reference_id_index` (`reference_id`),
  KEY `slugs_key_index` (`key`),
  KEY `slugs_prefix_index` (`prefix`),
  KEY `slugs_reference_index` (`reference_id`,`reference_type`),
  KEY `idx_key_prefix` (`key`,`prefix`),
  KEY `idx_slugs_reference` (`reference_type`,`reference_id`)
) ENGINE=InnoDB AUTO_INCREMENT=78 DEFAULT CHARSET=utf8mb4 COLLATE=utf8mb4_unicode_ci;
/*!40101 SET character_set_client = @saved_cs_client */;

--
-- Dumping data for table `slugs`
--

LOCK TABLES `slugs` WRITE;
/*!40000 ALTER TABLE `slugs` DISABLE KEYS */;
INSERT INTO `slugs` VALUES (1,'smith',1,'Botble\\Member\\Models\\Member','author','2025-12-24 07:28:56','2025-12-24 07:29:06'),(2,'schmitt',2,'Botble\\Member\\Models\\Member','author','2025-12-24 07:28:56','2025-12-24 07:29:06'),(3,'goldner',3,'Botble\\Member\\Models\\Member','author','2025-12-24 07:28:56','2025-12-24 07:29:06'),(4,'rohan',4,'Botble\\Member\\Models\\Member','author','2025-12-24 07:28:56','2025-12-24 07:29:06'),(5,'ondricka',5,'Botble\\Member\\Models\\Member','author','2025-12-24 07:28:56','2025-12-24 07:29:06'),(6,'vandervort',6,'Botble\\Member\\Models\\Member','author','2025-12-24 07:28:56','2025-12-24 07:29:06'),(7,'wuckert',7,'Botble\\Member\\Models\\Member','author','2025-12-24 07:28:56','2025-12-24 07:29:06'),(8,'franecki',8,'Botble\\Member\\Models\\Member','author','2025-12-24 07:28:56','2025-12-24 07:29:06'),(9,'neural-networks',1,'Botble\\Blog\\Models\\Category','blog','2025-12-24 07:29:01','2025-12-24 07:29:05'),(10,'natural-language-processing',2,'Botble\\Blog\\Models\\Category','blog','2025-12-24 07:29:01','2025-12-24 07:29:05'),(11,'machine-learning',3,'Botble\\Blog\\Models\\Category','blog','2025-12-24 07:29:01','2025-12-24 07:29:05'),(12,'deep-learning',4,'Botble\\Blog\\Models\\Category','blog','2025-12-24 07:29:01','2025-12-24 07:29:05'),(13,'reinforcement-learning',5,'Botble\\Blog\\Models\\Category','blog','2025-12-24 07:29:01','2025-12-24 07:29:05'),(14,'computer-vision',6,'Botble\\Blog\\Models\\Category','blog','2025-12-24 07:29:01','2025-12-24 07:29:05'),(15,'ethics-in-ai',7,'Botble\\Blog\\Models\\Category','blog','2025-12-24 07:29:01','2025-12-24 07:29:05'),(16,'robotics',8,'Botble\\Blog\\Models\\Category','blog','2025-12-24 07:29:01','2025-12-24 07:29:05'),(17,'ai-in-healthcare',9,'Botble\\Blog\\Models\\Category','blog','2025-12-24 07:29:01','2025-12-24 07:29:05'),(18,'ai-in-finance',10,'Botble\\Blog\\Models\\Category','blog','2025-12-24 07:29:01','2025-12-24 07:29:05'),(19,'artificial-intelligence',1,'Botble\\Blog\\Models\\Tag','tag','2025-12-24 07:29:01','2025-12-24 07:29:01'),(20,'machine-learning',2,'Botble\\Blog\\Models\\Tag','tag','2025-12-24 07:29:01','2025-12-24 07:29:01'),(21,'deep-learning',3,'Botble\\Blog\\Models\\Tag','tag','2025-12-24 07:29:01','2025-12-24 07:29:01'),(22,'neural-networks',4,'Botble\\Blog\\Models\\Tag','tag','2025-12-24 07:29:01','2025-12-24 07:29:01'),(23,'natural-language-processing',5,'Botble\\Blog\\Models\\Tag','tag','2025-12-24 07:29:01','2025-12-24 07:29:01'),(24,'computer-vision',6,'Botble\\Blog\\Models\\Tag','tag','2025-12-24 07:29:01','2025-12-24 07:29:01'),(25,'reinforcement-learning',7,'Botble\\Blog\\Models\\Tag','tag','2025-12-24 07:29:01','2025-12-24 07:29:01'),(26,'robotics',8,'Botble\\Blog\\Models\\Tag','tag','2025-12-24 07:29:01','2025-12-24 07:29:01'),(27,'healthcare-ai',9,'Botble\\Blog\\Models\\Tag','tag','2025-12-24 07:29:01','2025-12-24 07:29:01'),(28,'finance-ai',10,'Botble\\Blog\\Models\\Tag','tag','2025-12-24 07:29:01','2025-12-24 07:29:01'),(29,'understanding-neural-networks',1,'Botble\\Blog\\Models\\Post','blog','2025-12-24 07:29:05','2025-12-24 07:29:05'),(30,'natural-language-processing-essentials',2,'Botble\\Blog\\Models\\Post','blog','2025-12-24 07:29:05','2025-12-24 07:29:05'),(31,'introduction-to-machine-learning-algorithms',3,'Botble\\Blog\\Models\\Post','blog','2025-12-24 07:29:05','2025-12-24 07:29:05'),(32,'the-rise-of-deep-learning',4,'Botble\\Blog\\Models\\Post','blog','2025-12-24 07:29:05','2025-12-24 07:29:05'),(33,'reinforcement-learning-basics',5,'Botble\\Blog\\Models\\Post','blog','2025-12-24 07:29:05','2025-12-24 07:29:05'),(34,'computer-vision-applications-in-ai',6,'Botble\\Blog\\Models\\Post','blog','2025-12-24 07:29:05','2025-12-24 07:29:05'),(35,'ethical-considerations-in-ai-development',7,'Botble\\Blog\\Models\\Post','blog','2025-12-24 07:29:05','2025-12-24 07:29:05'),(36,'robotics-and-ai-the-future-of-automation',8,'Botble\\Blog\\Models\\Post','blog','2025-12-24 07:29:05','2025-12-24 07:29:05'),(37,'ai-in-healthcare-transforming-medicine',9,'Botble\\Blog\\Models\\Post','blog','2025-12-24 07:29:05','2025-12-24 07:29:05'),(38,'ai-in-finance-revolutionizing-the-industry',10,'Botble\\Blog\\Models\\Post','blog','2025-12-24 07:29:05','2025-12-24 07:29:05'),(39,'exploring-generative-adversarial-networks-gans',11,'Botble\\Blog\\Models\\Post','blog','2025-12-24 07:29:05','2025-12-24 07:29:05'),(40,'the-future-of-ai-trends-and-predictions',12,'Botble\\Blog\\Models\\Post','blog','2025-12-24 07:29:05','2025-12-24 07:29:05'),(41,'ai-powered-personal-assistants-beyond-siri-and-alexa',13,'Botble\\Blog\\Models\\Post','blog','2025-12-24 07:29:05','2025-12-24 07:29:05'),(42,'ai-for-social-good-addressing-global-challenges',14,'Botble\\Blog\\Models\\Post','blog','2025-12-24 07:29:05','2025-12-24 07:29:05'),(43,'the-ethics-of-ai-bias-fairness-and-accountability',15,'Botble\\Blog\\Models\\Post','blog','2025-12-24 07:29:05','2025-12-24 07:29:05'),(44,'advancements-in-ai-hardware-gpus-tpus-and-beyond',16,'Botble\\Blog\\Models\\Post','blog','2025-12-24 07:29:05','2025-12-24 07:29:05'),(45,'ai-in-education-personalized-learning-and-adaptive-assessments',17,'Botble\\Blog\\Models\\Post','blog','2025-12-24 07:29:05','2025-12-24 07:29:05'),(46,'ai-in-agriculture-precision-farming-and-crop-monitoring',18,'Botble\\Blog\\Models\\Post','blog','2025-12-24 07:29:05','2025-12-24 07:29:05'),(47,'ai-in-transportation-autonomous-vehicles-and-traffic-management',19,'Botble\\Blog\\Models\\Post','blog','2025-12-24 07:29:05','2025-12-24 07:29:05'),(48,'perfect',1,'Botble\\Gallery\\Models\\Gallery','galleries','2025-12-24 07:29:05','2025-12-24 07:29:05'),(49,'new-day',2,'Botble\\Gallery\\Models\\Gallery','galleries','2025-12-24 07:29:05','2025-12-24 07:29:05'),(50,'happy-day',3,'Botble\\Gallery\\Models\\Gallery','galleries','2025-12-24 07:29:05','2025-12-24 07:29:05'),(51,'nature',4,'Botble\\Gallery\\Models\\Gallery','galleries','2025-12-24 07:29:05','2025-12-24 07:29:05'),(52,'morning',5,'Botble\\Gallery\\Models\\Gallery','galleries','2025-12-24 07:29:05','2025-12-24 07:29:05'),(53,'sunset',6,'Botble\\Gallery\\Models\\Gallery','galleries','2025-12-24 07:29:05','2025-12-24 07:29:05'),(54,'ocean-views',7,'Botble\\Gallery\\Models\\Gallery','galleries','2025-12-24 07:29:05','2025-12-24 07:29:05'),(55,'adventure-time',8,'Botble\\Gallery\\Models\\Gallery','galleries','2025-12-24 07:29:05','2025-12-24 07:29:05'),(56,'city-lights',9,'Botble\\Gallery\\Models\\Gallery','galleries','2025-12-24 07:29:05','2025-12-24 07:29:05'),(57,'dreamscape',10,'Botble\\Gallery\\Models\\Gallery','galleries','2025-12-24 07:29:05','2025-12-24 07:29:05'),(58,'enchanted-forest',11,'Botble\\Gallery\\Models\\Gallery','galleries','2025-12-24 07:29:05','2025-12-24 07:29:05'),(59,'golden-hour',12,'Botble\\Gallery\\Models\\Gallery','galleries','2025-12-24 07:29:05','2025-12-24 07:29:05'),(60,'serenity',13,'Botble\\Gallery\\Models\\Gallery','galleries','2025-12-24 07:29:05','2025-12-24 07:29:05'),(61,'eternal-beauty',14,'Botble\\Gallery\\Models\\Gallery','galleries','2025-12-24 07:29:05','2025-12-24 07:29:05'),(62,'moonlight-magic',15,'Botble\\Gallery\\Models\\Gallery','galleries','2025-12-24 07:29:05','2025-12-24 07:29:05'),(63,'starry-night',16,'Botble\\Gallery\\Models\\Gallery','galleries','2025-12-24 07:29:05','2025-12-24 07:29:05'),(64,'hidden-gems',17,'Botble\\Gallery\\Models\\Gallery','galleries','2025-12-24 07:29:05','2025-12-24 07:29:05'),(65,'tranquil-waters',18,'Botble\\Gallery\\Models\\Gallery','galleries','2025-12-24 07:29:05','2025-12-24 07:29:05'),(66,'urban-escape',19,'Botble\\Gallery\\Models\\Gallery','galleries','2025-12-24 07:29:05','2025-12-24 07:29:05'),(67,'twilight-zone',20,'Botble\\Gallery\\Models\\Gallery','galleries','2025-12-24 07:29:05','2025-12-24 07:29:05'),(68,'homepage',1,'Botble\\Page\\Models\\Page','','2025-12-24 07:29:05','2025-12-24 07:29:05'),(69,'about-us',2,'Botble\\Page\\Models\\Page','','2025-12-24 07:29:05','2025-12-24 07:29:05'),(70,'contact',3,'Botble\\Page\\Models\\Page','','2025-12-24 07:29:05','2025-12-24 07:29:05'),(71,'blog',4,'Botble\\Page\\Models\\Page','','2025-12-24 07:29:05','2025-12-24 07:29:05'),(72,'team',5,'Botble\\Page\\Models\\Page','','2025-12-24 07:29:05','2025-12-24 07:29:05'),(73,'cookie-policy',6,'Botble\\Page\\Models\\Page','','2025-12-24 07:29:05','2025-12-24 07:29:05'),(74,'terms-of-use',7,'Botble\\Page\\Models\\Page','','2025-12-24 07:29:05','2025-12-24 07:29:05'),(75,'privacy-policy',8,'Botble\\Page\\Models\\Page','','2025-12-24 07:29:05','2025-12-24 07:29:05'),(76,'advertise',9,'Botble\\Page\\Models\\Page','','2025-12-24 07:29:05','2025-12-24 07:29:05'),(77,'faq',10,'Botble\\Page\\Models\\Page','','2025-12-24 07:29:05','2025-12-24 07:29:05');
/*!40000 ALTER TABLE `slugs` ENABLE KEYS */;
UNLOCK TABLES;

--
-- Table structure for table `slugs_translations`
--

DROP TABLE IF EXISTS `slugs_translations`;
/*!40101 SET @saved_cs_client     = @@character_set_client */;
/*!50503 SET character_set_client = utf8mb4 */;
CREATE TABLE `slugs_translations` (
  `lang_code` varchar(20) COLLATE utf8mb4_unicode_ci NOT NULL,
  `slugs_id` bigint unsigned NOT NULL,
  `key` varchar(191) COLLATE utf8mb4_unicode_ci DEFAULT NULL,
  `prefix` varchar(120) COLLATE utf8mb4_unicode_ci DEFAULT '',
  PRIMARY KEY (`lang_code`,`slugs_id`),
  KEY `idx_slugid_key_prefix` (`slugs_id`,`key`,`prefix`)
) ENGINE=InnoDB DEFAULT CHARSET=utf8mb4 COLLATE=utf8mb4_unicode_ci;
/*!40101 SET character_set_client = @saved_cs_client */;

--
-- Dumping data for table `slugs_translations`
--

LOCK TABLES `slugs_translations` WRITE;
/*!40000 ALTER TABLE `slugs_translations` DISABLE KEYS */;
/*!40000 ALTER TABLE `slugs_translations` ENABLE KEYS */;
UNLOCK TABLES;

--
-- Table structure for table `social_logins`
--

DROP TABLE IF EXISTS `social_logins`;
/*!40101 SET @saved_cs_client     = @@character_set_client */;
/*!50503 SET character_set_client = utf8mb4 */;
CREATE TABLE `social_logins` (
  `id` bigint unsigned NOT NULL AUTO_INCREMENT,
  `user_type` varchar(191) COLLATE utf8mb4_unicode_ci NOT NULL,
  `user_id` bigint unsigned NOT NULL,
  `provider` varchar(191) COLLATE utf8mb4_unicode_ci NOT NULL,
  `provider_id` varchar(191) COLLATE utf8mb4_unicode_ci NOT NULL,
  `token` text COLLATE utf8mb4_unicode_ci,
  `refresh_token` text COLLATE utf8mb4_unicode_ci,
  `token_expires_at` timestamp NULL DEFAULT NULL,
  `provider_data` json DEFAULT NULL,
  `created_at` timestamp NULL DEFAULT NULL,
  `updated_at` timestamp NULL DEFAULT NULL,
  PRIMARY KEY (`id`),
  UNIQUE KEY `social_logins_provider_provider_id_unique` (`provider`,`provider_id`),
  KEY `social_logins_user_type_user_id_index` (`user_type`,`user_id`),
  KEY `social_logins_user_id_user_type_index` (`user_id`,`user_type`)
) ENGINE=InnoDB DEFAULT CHARSET=utf8mb4 COLLATE=utf8mb4_unicode_ci;
/*!40101 SET character_set_client = @saved_cs_client */;

--
-- Dumping data for table `social_logins`
--

LOCK TABLES `social_logins` WRITE;
/*!40000 ALTER TABLE `social_logins` DISABLE KEYS */;
/*!40000 ALTER TABLE `social_logins` ENABLE KEYS */;
UNLOCK TABLES;

--
-- Table structure for table `tags`
--

DROP TABLE IF EXISTS `tags`;
/*!40101 SET @saved_cs_client     = @@character_set_client */;
/*!50503 SET character_set_client = utf8mb4 */;
CREATE TABLE `tags` (
  `id` bigint unsigned NOT NULL AUTO_INCREMENT,
  `name` varchar(120) COLLATE utf8mb4_unicode_ci NOT NULL,
  `author_id` bigint unsigned DEFAULT NULL,
  `author_type` varchar(191) COLLATE utf8mb4_unicode_ci NOT NULL,
  `description` varchar(400) COLLATE utf8mb4_unicode_ci DEFAULT NULL,
  `status` varchar(60) COLLATE utf8mb4_unicode_ci NOT NULL DEFAULT 'published',
  `created_at` timestamp NULL DEFAULT NULL,
  `updated_at` timestamp NULL DEFAULT NULL,
  PRIMARY KEY (`id`)
) ENGINE=InnoDB AUTO_INCREMENT=11 DEFAULT CHARSET=utf8mb4 COLLATE=utf8mb4_unicode_ci;
/*!40101 SET character_set_client = @saved_cs_client */;

--
-- Dumping data for table `tags`
--

LOCK TABLES `tags` WRITE;
/*!40000 ALTER TABLE `tags` DISABLE KEYS */;
INSERT INTO `tags` VALUES (1,'Artificial Intelligence',1,'Botble\\ACL\\Models\\User',NULL,'published','2025-12-24 07:29:01','2025-12-24 07:29:01'),(2,'Machine Learning',1,'Botble\\ACL\\Models\\User',NULL,'published','2025-12-24 07:29:01','2025-12-24 07:29:01'),(3,'Deep Learning',1,'Botble\\ACL\\Models\\User',NULL,'published','2025-12-24 07:29:01','2025-12-24 07:29:01'),(4,'Neural Networks',1,'Botble\\ACL\\Models\\User',NULL,'published','2025-12-24 07:29:01','2025-12-24 07:29:01'),(5,'Natural Language Processing',1,'Botble\\ACL\\Models\\User',NULL,'published','2025-12-24 07:29:01','2025-12-24 07:29:01'),(6,'Computer Vision',1,'Botble\\ACL\\Models\\User',NULL,'published','2025-12-24 07:29:01','2025-12-24 07:29:01'),(7,'Reinforcement Learning',1,'Botble\\ACL\\Models\\User',NULL,'published','2025-12-24 07:29:01','2025-12-24 07:29:01'),(8,'Robotics',1,'Botble\\ACL\\Models\\User',NULL,'published','2025-12-24 07:29:01','2025-12-24 07:29:01'),(9,'Healthcare AI',1,'Botble\\ACL\\Models\\User',NULL,'published','2025-12-24 07:29:01','2025-12-24 07:29:01'),(10,'Finance AI',1,'Botble\\ACL\\Models\\User',NULL,'published','2025-12-24 07:29:01','2025-12-24 07:29:01');
/*!40000 ALTER TABLE `tags` ENABLE KEYS */;
UNLOCK TABLES;

--
-- Table structure for table `tags_translations`
--

DROP TABLE IF EXISTS `tags_translations`;
/*!40101 SET @saved_cs_client     = @@character_set_client */;
/*!50503 SET character_set_client = utf8mb4 */;
CREATE TABLE `tags_translations` (
  `lang_code` varchar(20) COLLATE utf8mb4_unicode_ci NOT NULL,
  `tags_id` bigint unsigned NOT NULL,
  `name` varchar(191) COLLATE utf8mb4_unicode_ci DEFAULT NULL,
  `description` varchar(400) COLLATE utf8mb4_unicode_ci DEFAULT NULL,
  PRIMARY KEY (`lang_code`,`tags_id`),
  KEY `idx_tags_trans_tags_id` (`tags_id`),
  KEY `idx_tags_trans_tag_lang` (`tags_id`,`lang_code`)
) ENGINE=InnoDB DEFAULT CHARSET=utf8mb4 COLLATE=utf8mb4_unicode_ci;
/*!40101 SET character_set_client = @saved_cs_client */;

--
-- Dumping data for table `tags_translations`
--

LOCK TABLES `tags_translations` WRITE;
/*!40000 ALTER TABLE `tags_translations` DISABLE KEYS */;
/*!40000 ALTER TABLE `tags_translations` ENABLE KEYS */;
UNLOCK TABLES;

--
-- Table structure for table `user_meta`
--

DROP TABLE IF EXISTS `user_meta`;
/*!40101 SET @saved_cs_client     = @@character_set_client */;
/*!50503 SET character_set_client = utf8mb4 */;
CREATE TABLE `user_meta` (
  `id` bigint unsigned NOT NULL AUTO_INCREMENT,
  `key` varchar(120) COLLATE utf8mb4_unicode_ci DEFAULT NULL,
  `value` text COLLATE utf8mb4_unicode_ci,
  `user_id` bigint unsigned NOT NULL,
  `created_at` timestamp NULL DEFAULT NULL,
  `updated_at` timestamp NULL DEFAULT NULL,
  PRIMARY KEY (`id`),
  KEY `user_meta_user_id_index` (`user_id`)
) ENGINE=InnoDB DEFAULT CHARSET=utf8mb4 COLLATE=utf8mb4_unicode_ci;
/*!40101 SET character_set_client = @saved_cs_client */;

--
-- Dumping data for table `user_meta`
--

LOCK TABLES `user_meta` WRITE;
/*!40000 ALTER TABLE `user_meta` DISABLE KEYS */;
/*!40000 ALTER TABLE `user_meta` ENABLE KEYS */;
UNLOCK TABLES;

--
-- Table structure for table `user_settings`
--

DROP TABLE IF EXISTS `user_settings`;
/*!40101 SET @saved_cs_client     = @@character_set_client */;
/*!50503 SET character_set_client = utf8mb4 */;
CREATE TABLE `user_settings` (
  `id` bigint unsigned NOT NULL AUTO_INCREMENT,
  `user_type` varchar(50) COLLATE utf8mb4_unicode_ci NOT NULL,
  `user_id` bigint unsigned NOT NULL,
  `key` varchar(100) COLLATE utf8mb4_unicode_ci NOT NULL,
  `value` json NOT NULL,
  `created_at` timestamp NULL DEFAULT NULL,
  `updated_at` timestamp NULL DEFAULT NULL,
  PRIMARY KEY (`id`),
  UNIQUE KEY `user_settings_user_type_user_id_key_unique` (`user_type`,`user_id`,`key`),
  KEY `user_settings_user_type_user_id_index` (`user_type`,`user_id`),
  KEY `user_settings_key_index` (`key`)
) ENGINE=InnoDB DEFAULT CHARSET=utf8mb4 COLLATE=utf8mb4_unicode_ci;
/*!40101 SET character_set_client = @saved_cs_client */;

--
-- Dumping data for table `user_settings`
--

LOCK TABLES `user_settings` WRITE;
/*!40000 ALTER TABLE `user_settings` DISABLE KEYS */;
/*!40000 ALTER TABLE `user_settings` ENABLE KEYS */;
UNLOCK TABLES;

--
-- Table structure for table `users`
--

DROP TABLE IF EXISTS `users`;
/*!40101 SET @saved_cs_client     = @@character_set_client */;
/*!50503 SET character_set_client = utf8mb4 */;
CREATE TABLE `users` (
  `id` bigint unsigned NOT NULL AUTO_INCREMENT,
  `email` varchar(191) COLLATE utf8mb4_unicode_ci NOT NULL,
  `phone` varchar(20) COLLATE utf8mb4_unicode_ci DEFAULT NULL,
  `email_verified_at` timestamp NULL DEFAULT NULL,
  `password` varchar(120) COLLATE utf8mb4_unicode_ci DEFAULT NULL,
  `remember_token` varchar(100) COLLATE utf8mb4_unicode_ci DEFAULT NULL,
  `created_at` timestamp NULL DEFAULT NULL,
  `updated_at` timestamp NULL DEFAULT NULL,
  `first_name` varchar(120) COLLATE utf8mb4_unicode_ci DEFAULT NULL,
  `last_name` varchar(120) COLLATE utf8mb4_unicode_ci DEFAULT NULL,
  `username` varchar(60) COLLATE utf8mb4_unicode_ci DEFAULT NULL,
  `avatar_id` bigint unsigned DEFAULT NULL,
  `super_user` tinyint(1) NOT NULL DEFAULT '0',
  `manage_supers` tinyint(1) NOT NULL DEFAULT '0',
  `permissions` text COLLATE utf8mb4_unicode_ci,
  `last_login` timestamp NULL DEFAULT NULL,
  `sessions_invalidated_at` timestamp NULL DEFAULT NULL,
  PRIMARY KEY (`id`),
  UNIQUE KEY `users_email_unique` (`email`),
  UNIQUE KEY `users_username_unique` (`username`)
) ENGINE=InnoDB AUTO_INCREMENT=2 DEFAULT CHARSET=utf8mb4 COLLATE=utf8mb4_unicode_ci;
/*!40101 SET character_set_client = @saved_cs_client */;

--
-- Dumping data for table `users`
--

LOCK TABLES `users` WRITE;
/*!40000 ALTER TABLE `users` DISABLE KEYS */;
INSERT INTO `users` VALUES (1,'admin@company.com',NULL,NULL,'$2y$12$luk9tWwxAN2JTG5EyhmE.elfSyatuan7Xf1Cucj/v01PO6zJpNHJm',NULL,'2025-12-24 07:28:54','2025-12-24 07:28:54','System','Admin','admin',NULL,1,1,NULL,NULL,NULL);
/*!40000 ALTER TABLE `users` ENABLE KEYS */;
UNLOCK TABLES;

--
-- Table structure for table `widgets`
--

DROP TABLE IF EXISTS `widgets`;
/*!40101 SET @saved_cs_client     = @@character_set_client */;
/*!50503 SET character_set_client = utf8mb4 */;
CREATE TABLE `widgets` (
  `id` bigint unsigned NOT NULL AUTO_INCREMENT,
  `widget_id` varchar(120) COLLATE utf8mb4_unicode_ci NOT NULL,
  `sidebar_id` varchar(120) COLLATE utf8mb4_unicode_ci NOT NULL,
  `theme` varchar(120) COLLATE utf8mb4_unicode_ci NOT NULL,
  `position` tinyint unsigned NOT NULL DEFAULT '0',
  `data` text COLLATE utf8mb4_unicode_ci,
  `created_at` timestamp NULL DEFAULT NULL,
  `updated_at` timestamp NULL DEFAULT NULL,
  PRIMARY KEY (`id`),
  UNIQUE KEY `widgets_unique_index` (`theme`,`sidebar_id`,`widget_id`,`position`)
) ENGINE=InnoDB AUTO_INCREMENT=20 DEFAULT CHARSET=utf8mb4 COLLATE=utf8mb4_unicode_ci;
/*!40101 SET character_set_client = @saved_cs_client */;

--
-- Dumping data for table `widgets`
--

LOCK TABLES `widgets` WRITE;
/*!40000 ALTER TABLE `widgets` DISABLE KEYS */;
INSERT INTO `widgets` VALUES (1,'BlogPostsWidget','menu_sidebar','echo-ai',1,'{\"type\":\"recent\",\"category_ids\":[1,2,3],\"limit\":3}','2025-12-24 07:29:06','2025-12-24 07:29:06'),(2,'SocialLinksWidget','menu_sidebar','echo-ai',2,'[]','2025-12-24 07:29:06','2025-12-24 07:29:06'),(3,'BlogCategoriesWidget','primary_sidebar','echo-ai',1,'{\"title\":\"Popular Categories\",\"id\":\"BlogCategoriesWidget\",\"enable_lazy_loading\":\"yes\",\"quantity\":\"5\",\"category_id_1\":\"1\",\"background_image_1\":\"main\\/blog-categories\\/1.png\",\"background_color_1\":\"rgb(174 81 43)\",\"category_id_2\":\"2\",\"background_image_2\":\"main\\/blog-categories\\/2.png\",\"background_color_2\":\"rgb(102 64 165)\",\"category_id_3\":\"3\",\"background_image_3\":\"main\\/blog-categories\\/3.png\",\"background_color_3\":\"rgb(85 163 168)\",\"category_id_4\":\"4\",\"background_image_4\":\"main\\/blog-categories\\/4.png\",\"background_color_4\":\"rgb(83 39 21)\",\"category_id_5\":\"5\",\"background_image_5\":\"main\\/blog-categories\\/5.png\",\"background_color_5\":\"rgb(85 163 168)\"}','2025-12-24 07:29:06','2025-12-24 07:29:06'),(4,'BlogPostsWidget','primary_sidebar','echo-ai',2,'{\"type\":\"popular\",\"card_style\":\"default-card\",\"shape\":\"square\",\"category_ids\":[1,3,4],\"title\":\"Top Story\",\"limit\":4,\"enable_lazy_loading\":\"yes\"}','2025-12-24 07:29:06','2025-12-24 07:29:06'),(5,'FollowUsWidget','primary_sidebar','echo-ai',3,'{\"id\":\"FollowUsWidget\",\"items\":[[{\"key\":\"title\",\"value\":\"20K Fans\"},{\"key\":\"icon\",\"value\":\"ti ti-brand-facebook\"},{\"key\":\"url\",\"value\":\"https:\\/\\/facebook.com\"}],[{\"key\":\"title\",\"value\":\"10K Followers\"},{\"key\":\"icon\",\"value\":\"ti ti-brand-x\"},{\"key\":\"url\",\"value\":\"https:\\/\\/twitter.com\"}],[{\"key\":\"title\",\"value\":\"50K Followers\"},{\"key\":\"icon\",\"value\":\"ti ti-brand-instagram\"},{\"key\":\"url\",\"value\":\"https:\\/\\/instagram.com\"}],[{\"key\":\"title\",\"value\":\"30K Followers\"},{\"key\":\"icon\",\"value\":\"ti ti-brand-linkedin\"},{\"key\":\"url\",\"value\":\"https:\\/\\/linkedin.com\"}],[{\"key\":\"title\",\"value\":\"30K Followers\"},{\"key\":\"icon\",\"value\":\"ti ti-brand-pinterest\"},{\"key\":\"url\",\"value\":\"https:\\/\\/pinterest.com\"}],[{\"key\":\"title\",\"value\":\"04K Subscribers\"},{\"key\":\"icon\",\"value\":\"ti ti-brand-youtube\"},{\"key\":\"url\",\"value\":\"https:\\/\\/youtube.com\"}]]}','2025-12-24 07:29:06','2025-12-24 07:29:06'),(6,'BlogPostsWidget','custom_sidebar_1','echo-ai',1,'{\"type\":\"recent\",\"category_ids\":[1,2,3],\"title\":\"Most Read\",\"limit\":5,\"enable_lazy_loading\":\"yes\"}','2025-12-24 07:29:06','2025-12-24 07:29:06'),(7,'BlogPostsWidget','custom_sidebar_2','echo-ai',1,'{\"type\":\"recent\",\"style\":\"default-card\",\"shape\":\"square\",\"category_ids\":[3,6],\"title\":\"Top Story\",\"limit\":4}','2025-12-24 07:29:06','2025-12-24 07:29:06'),(8,'BlogPostsWidget','custom_sidebar_2','echo-ai',2,'{\"type\":\"popular\",\"style\":\"orderly-card\",\"shape\":\"square\",\"category_ids\":[1,5,6],\"title\":\"Top Reviews\",\"limit\":3}','2025-12-24 07:29:06','2025-12-24 07:29:06'),(9,'FollowUsWidget','custom_sidebar_2','echo-ai',3,'{\"id\":\"FollowUsWidget\",\"items\":[[{\"key\":\"title\",\"value\":\"20K Fans\"},{\"key\":\"icon\",\"value\":\"ti ti-brand-facebook\"},{\"key\":\"url\",\"value\":\"https:\\/\\/facebook.com\"}],[{\"key\":\"title\",\"value\":\"10K Followers\"},{\"key\":\"icon\",\"value\":\"ti ti-brand-x\"},{\"key\":\"url\",\"value\":\"https:\\/\\/twitter.com\"}],[{\"key\":\"title\",\"value\":\"50K Followers\"},{\"key\":\"icon\",\"value\":\"ti ti-brand-instagram\"},{\"key\":\"url\",\"value\":\"https:\\/\\/instagram.com\"}],[{\"key\":\"title\",\"value\":\"30K Followers\"},{\"key\":\"icon\",\"value\":\"ti ti-brand-linkedin\"},{\"key\":\"url\",\"value\":\"https:\\/\\/linkedin.com\"}],[{\"key\":\"title\",\"value\":\"30K Followers\"},{\"key\":\"icon\",\"value\":\"ti ti-brand-pinterest\"},{\"key\":\"url\",\"value\":\"https:\\/\\/pinterest.com\"}],[{\"key\":\"title\",\"value\":\"04K Subscribers\"},{\"key\":\"icon\",\"value\":\"ti ti-brand-youtube\"},{\"key\":\"url\",\"value\":\"https:\\/\\/youtube.com\"}]]}','2025-12-24 07:29:06','2025-12-24 07:29:06'),(10,'NewsletterWidget','custom_sidebar_2','echo-ai',4,'{\"id\":\"NewsletterWidget\",\"title\":\"Newsletter\",\"description\":\"Stay Tuned With Updates\",\"image\":\"main\\/general\\/newsletter-image.png\"}','2025-12-24 07:29:06','2025-12-24 07:29:06'),(11,'BannerAdsWidget','custom_sidebar_2','echo-ai',5,'{\"ad_image\":\"main\\/general\\/ads-banner.png\",\"ad_link\":\"https:\\/\\/google.com\"}','2025-12-24 07:29:06','2025-12-24 07:29:06'),(12,'SiteInformationWidget','footer_sidebar','echo-ai',1,'{\"id\":\"SiteInformationWidget\",\"title\":\"Get In Touch\",\"email\":\"Info@Demomail.Com\",\"hotline\":\"(00) 236 123 456 88\",\"address\":\"255 Sheet, New Avanew, NY\"}','2025-12-24 07:29:06','2025-12-24 07:29:06'),(13,'Botble\\Widget\\Widgets\\CoreSimpleMenu','footer_sidebar','echo-ai',2,'{\"id\":\"Botble\\\\Widget\\\\Widgets\\\\CoreSimpleMenu\",\"name\":\"Most Popular\",\"style\":\"2-column\",\"items\":[[{\"key\":\"label\",\"value\":\"Neural Networks\"},{\"key\":\"url\",\"value\":\"http:\\/\\/localhost\\/neural-networks\"}],[{\"key\":\"label\",\"value\":\"Natural Language Processing\"},{\"key\":\"url\",\"value\":\"http:\\/\\/localhost\\/natural-language-processing\"}],[{\"key\":\"label\",\"value\":\"Machine Learning\"},{\"key\":\"url\",\"value\":\"http:\\/\\/localhost\\/machine-learning\"}],[{\"key\":\"label\",\"value\":\"Deep Learning\"},{\"key\":\"url\",\"value\":\"http:\\/\\/localhost\\/deep-learning\"}],[{\"key\":\"label\",\"value\":\"Reinforcement Learning\"},{\"key\":\"url\",\"value\":\"http:\\/\\/localhost\\/reinforcement-learning\"}]]}','2025-12-24 07:29:06','2025-12-24 07:29:06'),(14,'Botble\\Widget\\Widgets\\CoreSimpleMenu','footer_sidebar','echo-ai',3,'{\"id\":\"Botble\\\\Widget\\\\Widgets\\\\CoreSimpleMenu\",\"name\":\"Help\",\"items\":[[{\"key\":\"label\",\"value\":\"About\"},{\"key\":\"url\",\"value\":\"about-us\"}],[{\"key\":\"label\",\"value\":\"Terms of Use\"},{\"key\":\"url\",\"value\":\"terms-of-use\"}],[{\"key\":\"label\",\"value\":\"Advertise\"},{\"key\":\"url\",\"value\":\"advertise\"}],[{\"key\":\"label\",\"value\":\"Privacy Policy\"},{\"key\":\"url\",\"value\":\"privacy-policy\"}],[{\"key\":\"label\",\"value\":\"FAQ\"},{\"key\":\"url\",\"value\":\"faq\"}]]}','2025-12-24 07:29:06','2025-12-24 07:29:06'),(15,'NewsletterWidget','footer_sidebar','echo-ai',4,'{\"id\":\"NewsletterWidget\",\"title\":\"Newsletter\",\"description\":\"Register now to get latest updates on promotion & coupons.\"}','2025-12-24 07:29:06','2025-12-24 07:29:06'),(16,'ActionButtonsWidget','header_top_left_sidebar','echo-ai',1,'{\"id\":\"ActionButtonsWidget\",\"enable_search_button\":true,\"enable_toggle_side_menu_button\":true,\"enable_dark_light_switcher_button\":false,\"alignment\":\"start\"}','2025-12-24 07:29:06','2025-12-24 07:29:06'),(17,'ActionButtonsWidget','header_top_right_sidebar','echo-ai',1,'{\"id\":\"ActionButtonsWidget\",\"enable_dark_light_switcher_button\":true,\"enable_search_button\":false,\"enable_toggle_side_menu_button\":false,\"alignment\":\"end\"}','2025-12-24 07:29:06','2025-12-24 07:29:06'),(18,'SocialLinksWidget','header_top_right_sidebar','echo-ai',2,'[]','2025-12-24 07:29:06','2025-12-24 07:29:06'),(19,'ActionButtonsWidget','header_top_right_sidebar','echo-ai',3,'{\"id\":\"ActionButtonsWidget\",\"enable_dark_light_switcher_button\":false,\"enable_search_button\":false,\"enable_toggle_side_menu_button\":false,\"form_newsletter_button_label\":\"Subscribe\",\"alignment\":\"end\"}','2025-12-24 07:29:06','2025-12-24 07:29:06');
/*!40000 ALTER TABLE `widgets` ENABLE KEYS */;
UNLOCK TABLES;
/*!40103 SET TIME_ZONE=@OLD_TIME_ZONE */;

/*!40101 SET SQL_MODE=@OLD_SQL_MODE */;
/*!40014 SET FOREIGN_KEY_CHECKS=@OLD_FOREIGN_KEY_CHECKS */;
/*!40014 SET UNIQUE_CHECKS=@OLD_UNIQUE_CHECKS */;
/*!40101 SET CHARACTER_SET_CLIENT=@OLD_CHARACTER_SET_CLIENT */;
/*!40101 SET CHARACTER_SET_RESULTS=@OLD_CHARACTER_SET_RESULTS */;
/*!40101 SET COLLATION_CONNECTION=@OLD_COLLATION_CONNECTION */;
/*!40111 SET SQL_NOTES=@OLD_SQL_NOTES */;

-- Dump completed on 2025-12-24 21:29:07
